1.586657999999999902e+00,1.522353000000000067e+00,1.511687000000000003e+00,1.420206000000000079e+00,1.391644000000000103e+00,1.466358000000000050e+00,1.403019000000000016e+00,1.341561000000000003e+00,1.395912999999999959e+00,1.216434999999999933e+00,1.249670999999999976e+00,1.223389000000000060e+00,1.194188999999999945e+00,1.125855000000000050e+00,1.201597000000000026e+00,1.132493999999999890e+00,1.153267000000000042e+00,1.073617999999999961e+00,1.067600000000000104e+00,1.056140000000000079e+00,1.053673000000000082e+00,1.013365000000000071e+00,1.027123999999999926e+00,9.937850000000000295e-01,9.751520000000000188e-01,1.006869000000000014e+00,9.438990000000000435e-01,1.003954999999999931e+00,9.137819999999999832e-01,9.658569999999999656e-01,9.508990000000000498e-01,9.499980000000000091e-01,9.135020000000000362e-01,9.631049999999999889e-01,9.327520000000000255e-01,9.387889999999999846e-01,8.717399999999999594e-01,9.026199999999999779e-01,9.006250000000000089e-01,8.748479999999999590e-01,8.649750000000000494e-01,8.755579999999999474e-01,8.598059999999999592e-01,8.373119999999999452e-01,8.251100000000000101e-01,8.462760000000000282e-01,8.386099999999999666e-01,8.195780000000000287e-01,8.315110000000000001e-01,8.351659999999999640e-01,8.324789999999999690e-01,8.029899999999999816e-01,8.016969999999999930e-01,8.131460000000000354e-01,8.329609999999999514e-01,8.095250000000000501e-01,7.908979999999999899e-01,8.061890000000000445e-01
7.945280000000000120e-01,7.833839999999999693e-01,8.145670000000000410e-01,7.720599999999999685e-01,7.832740000000000258e-01,7.778100000000000014e-01,7.814980000000000260e-01,7.823179999999999579e-01,7.772620000000000084e-01,7.796889999999999654e-01,7.622149999999999759e-01,7.571489999999999609e-01,7.738589999999999636e-01,7.568019999999999747e-01,7.720299999999999940e-01,7.558009999999999451e-01,7.535519999999999996e-01,7.622520000000000406e-01,7.629719999999999835e-01,7.664940000000000087e-01,7.530219999999999692e-01,7.620900000000000452e-01,7.552159999999999984e-01,7.431149999999999700e-01,7.430649999999999755e-01,7.510320000000000329e-01,7.552470000000000017e-01,7.454650000000000443e-01,7.492280000000000051e-01,7.450360000000000316e-01,7.405129999999999768e-01,7.372199999999999864e-01,7.378810000000000091e-01,7.457819999999999450e-01,7.318689999999999918e-01,7.411529999999999507e-01,7.296829999999999705e-01,7.333309999999999551e-01,7.363939999999999930e-01,7.328909999999999592e-01,7.264939999999999731e-01,7.314060000000000006e-01,7.267620000000000191e-01,7.341760000000000508e-01,7.317080000000000251e-01,7.300079999999999902e-01,7.329539999999999944e-01,7.269710000000000338e-01,7.242439999999999989e-01,7.248809999999999976e-01,7.297569999999999890e-01,7.227379999999999916e-01,7.260349999999999859e-01,7.250499999999999723e-01,7.214169999999999749e-01,7.196690000000000031e-01,7.261170000000000124e-01,7.183720000000000105e-01
7.236690000000000067e-01,7.190260000000000540e-01,7.198900000000000299e-01,7.243889999999999496e-01,7.144200000000000550e-01,7.150440000000000129e-01,7.116360000000000463e-01,7.139299999999999535e-01,7.131359999999999921e-01,7.195460000000000189e-01,7.109490000000000531e-01,7.181159999999999766e-01,7.190069999999999517e-01,7.164340000000000153e-01,7.132779999999999676e-01,7.137310000000000043e-01,7.184909999999999908e-01,7.123570000000000180e-01,7.142490000000000228e-01,7.073519999999999808e-01,7.126090000000000479e-01,7.131330000000000169e-01,7.116639999999999633e-01,7.156630000000000491e-01,7.079999999999999627e-01,7.100760000000000405e-01,7.066390000000000171e-01,7.080279999999999907e-01,7.075299999999999923e-01,7.076919999999999877e-01,7.065820000000000434e-01,7.101260000000000350e-01,7.068710000000000271e-01,7.046810000000000018e-01,7.068689999999999696e-01,7.060959999999999459e-01,7.041330000000000089e-01,7.085519999999999596e-01,7.045270000000000143e-01,7.062810000000000477e-01,7.044960000000000111e-01,7.015810000000000102e-01,7.038959999999999662e-01,7.021370000000000111e-01,7.006569999999999743e-01,7.063319999999999599e-01,7.028389999999999915e-01,6.996029999999999749e-01,6.992669999999999719e-01,6.998109999999999609e-01,7.020140000000000269e-01,6.962880000000000180e-01,6.990730000000000555e-01,6.987079999999999957e-01,6.963300000000000045e-01,6.988079999999999847e-01,6.956820000000000226e-01,6.952169999999999739e-01
6.943169999999999620e-01,6.967710000000000292e-01,6.953909999999999814e-01,6.907010000000000094e-01,6.951310000000000544e-01,6.924169999999999492e-01,6.922850000000000392e-01,6.917309999999999848e-01,6.895299999999999763e-01,6.877299999999999525e-01,6.887710000000000221e-01,6.869499999999999496e-01,6.849169999999999980e-01,6.871599999999999930e-01,6.857809999999999739e-01,6.854219999999999757e-01,6.844289999999999541e-01,6.803099999999999703e-01,6.846269999999999856e-01,6.823909999999999698e-01,6.829840000000000355e-01,6.795449999999999546e-01,6.765959999999999752e-01,6.784559999999999480e-01,6.755079999999999973e-01,6.775309999999999944e-01,6.789640000000000120e-01,6.754010000000000291e-01,6.801000000000000378e-01,6.770680000000000032e-01,6.765130000000000310e-01,6.735280000000000156e-01,6.701960000000000139e-01,6.685010000000000119e-01,6.704710000000000392e-01,6.669079999999999453e-01,6.689770000000000438e-01,6.676100000000000367e-01,6.661949999999999816e-01,6.654170000000000362e-01,6.583809999999999940e-01,6.603120000000000100e-01,6.602449999999999708e-01,6.598920000000000341e-01,6.533050000000000246e-01,6.580859999999999488e-01,6.578439999999999843e-01,6.497410000000000130e-01,6.567709999999999937e-01,6.532980000000000453e-01,6.487829999999999986e-01,6.597610000000000419e-01,6.475710000000000077e-01,6.417690000000000339e-01,6.477330000000000032e-01,6.416070000000000384e-01,6.475149999999999517e-01,6.397380000000000289e-01
6.437060000000000004e-01,6.346880000000000299e-01,6.379860000000000531e-01,6.354729999999999546e-01,6.369209999999999594e-01,6.381120000000000125e-01,6.347559999999999869e-01,6.257580000000000364e-01,6.281510000000000149e-01,6.241579999999999906e-01,6.252999999999999670e-01,6.198909999999999698e-01,6.184619999999999562e-01,6.196629999999999638e-01,6.157129999999999548e-01,6.136749999999999705e-01,6.198190000000000088e-01,6.103520000000000056e-01,6.031640000000000335e-01,6.062110000000000554e-01,6.122859999999999969e-01,5.975669999999999593e-01,6.067780000000000395e-01,5.982880000000000420e-01,5.996879999999999988e-01,5.936460000000000070e-01,5.963199999999999612e-01,5.918470000000000120e-01,5.853730000000000322e-01,5.857919999999999794e-01,5.818410000000000526e-01,5.920530000000000515e-01,5.783030000000000115e-01,5.872190000000000465e-01,5.811169999999999947e-01,5.750999999999999446e-01,5.751589999999999758e-01,5.723439999999999639e-01,5.610209999999999919e-01,5.583949999999999747e-01,5.697619999999999907e-01,5.524710000000000454e-01,5.437380000000000546e-01,5.646309999999999940e-01,5.575210000000000443e-01,5.376020000000000243e-01,5.467379999999999463e-01,5.608849999999999669e-01,5.361000000000000210e-01,5.398469999999999658e-01,5.487279999999999935e-01,5.528999999999999471e-01,5.342459999999999987e-01,5.246089999999999920e-01,5.393520000000000536e-01,5.391660000000000341e-01,5.359930000000000527e-01,5.233950000000000546e-01
5.301960000000000006e-01,5.176220000000000265e-01,5.033659999999999801e-01,5.370780000000000554e-01,5.174579999999999735e-01,5.061320000000000263e-01,5.068249999999999700e-01,5.066410000000000080e-01,5.056880000000000264e-01,5.023440000000000127e-01,4.908620000000000205e-01,5.062149999999999705e-01,4.863600000000000145e-01,4.829390000000000072e-01,4.749169999999999781e-01,4.663869999999999960e-01,4.960459999999999869e-01,4.772060000000000191e-01,4.667060000000000097e-01,4.742450000000000276e-01,4.969000000000000083e-01,4.610529999999999906e-01,4.592669999999999808e-01,4.618689999999999740e-01,4.765579999999999816e-01,4.613309999999999911e-01,4.537499999999999867e-01,4.384500000000000064e-01,4.683729999999999838e-01,4.736110000000000042e-01,4.579610000000000070e-01,4.625259999999999927e-01,4.229890000000000039e-01,4.444429999999999770e-01,4.258210000000000051e-01,4.377739999999999965e-01,4.310339999999999727e-01,4.333239999999999870e-01,4.191070000000000073e-01,4.235490000000000088e-01,4.081679999999999753e-01,4.209399999999999809e-01,4.207429999999999781e-01,4.371579999999999910e-01,3.876589999999999758e-01,4.110860000000000070e-01,4.194950000000000068e-01,4.201529999999999987e-01,4.311360000000000192e-01,4.196670000000000122e-01,3.813630000000000075e-01,4.137989999999999724e-01,4.030179999999999874e-01,4.407940000000000191e-01,3.919420000000000126e-01,4.125449999999999950e-01,3.884290000000000243e-01,3.758210000000000162e-01
3.599029999999999729e-01,3.759609999999999896e-01,3.903249999999999775e-01,3.704500000000000015e-01,4.439529999999999865e-01,3.699239999999999751e-01,3.620430000000000037e-01,3.516159999999999841e-01,3.852340000000000209e-01,3.866680000000000117e-01,3.901160000000000183e-01,3.725129999999999830e-01,3.513660000000000116e-01,3.683879999999999932e-01,3.844650000000000012e-01,3.540249999999999786e-01,3.637079999999999758e-01,3.867229999999999834e-01,3.340819999999999901e-01,3.443169999999999842e-01,3.234549999999999925e-01,3.619209999999999927e-01,3.627920000000000034e-01,3.187309999999999865e-01,3.051360000000000183e-01,3.229759999999999853e-01,3.235060000000000158e-01,3.321439999999999948e-01,3.359530000000000016e-01,3.349639999999999840e-01,3.226879999999999749e-01,3.576300000000000034e-01,3.124689999999999968e-01,3.228079999999999838e-01,3.308309999999999862e-01,3.189179999999999793e-01,3.081309999999999882e-01,3.081980000000000275e-01,3.063649999999999984e-01,3.270859999999999879e-01,3.159730000000000039e-01,2.896619999999999751e-01,2.862770000000000037e-01,3.162490000000000023e-01,3.137690000000000201e-01,3.379249999999999754e-01,3.265359999999999929e-01,3.068980000000000041e-01,3.265739999999999754e-01,3.178810000000000247e-01,3.014410000000000145e-01,3.000479999999999814e-01,3.023710000000000009e-01,2.939229999999999898e-01,2.922379999999999978e-01,2.858589999999999742e-01,2.546610000000000262e-01,3.169819999999999860e-01
2.690960000000000019e-01,2.960380000000000233e-01,2.760770000000000168e-01,2.758920000000000261e-01,3.199440000000000062e-01,2.628380000000000161e-01,2.611140000000000128e-01,2.918120000000000158e-01,3.068799999999999861e-01,2.530649999999999844e-01,3.016159999999999952e-01,2.577670000000000239e-01,2.717970000000000108e-01,2.631080000000000085e-01,2.682970000000000077e-01,2.545040000000000080e-01,2.599449999999999816e-01,2.638039999999999830e-01,2.772649999999999837e-01,2.107259999999999966e-01,2.662700000000000067e-01,2.260040000000000104e-01,2.836580000000000212e-01,2.652030000000000221e-01,2.665899999999999936e-01,2.503500000000000170e-01,2.306890000000000052e-01,2.211239999999999872e-01,3.018259999999999832e-01,2.653519999999999768e-01,2.676799999999999735e-01,2.761239999999999806e-01,2.419810000000000016e-01,2.337120000000000031e-01,2.733729999999999771e-01,2.483229999999999882e-01,2.363500000000000045e-01,2.341290000000000038e-01,2.151309999999999889e-01,2.483360000000000012e-01,2.487310000000000076e-01,2.303659999999999874e-01,2.137219999999999953e-01,2.629130000000000078e-01,2.567280000000000117e-01,2.355339999999999934e-01,2.332710000000000061e-01,2.142689999999999872e-01,2.075200000000000100e-01,2.276029999999999998e-01,2.254039999999999933e-01,2.084350000000000092e-01,2.311310000000000031e-01,2.729079999999999839e-01,2.003860000000000086e-01,2.744880000000000098e-01,2.246460000000000123e-01,2.626249999999999973e-01
2.165330000000000032e-01,2.125070000000000014e-01,2.426689999999999958e-01,2.154210000000000014e-01,2.023840000000000083e-01,3.212619999999999920e-01,2.796370000000000244e-01,2.039600000000000024e-01,2.133660000000000001e-01,1.852669999999999872e-01,2.271330000000000016e-01,1.906039999999999957e-01,2.864079999999999959e-01,2.868820000000000259e-01,2.593909999999999827e-01,1.928739999999999899e-01,1.937639999999999918e-01,2.202999999999999958e-01,1.985180000000000000e-01,1.994750000000000134e-01,2.009660000000000057e-01,2.412360000000000060e-01,2.230820000000000025e-01,2.123019999999999907e-01,2.119779999999999998e-01,2.211120000000000030e-01,1.875489999999999935e-01,1.853200000000000125e-01,1.804939999999999878e-01,1.939299999999999913e-01,2.247339999999999893e-01,2.096139999999999948e-01,1.854500000000000037e-01,1.500529999999999919e-01,2.214230000000000087e-01,2.101649999999999907e-01,2.263449999999999906e-01,1.661559999999999981e-01,2.123369999999999980e-01,2.114229999999999998e-01,1.849079999999999890e-01,2.247560000000000113e-01,2.253139999999999865e-01,1.652379999999999960e-01,2.106599999999999862e-01,1.708500000000000019e-01,1.949190000000000089e-01,1.947589999999999877e-01,1.745039999999999925e-01,1.699549999999999950e-01,1.585270000000000012e-01,1.723099999999999909e-01,1.942290000000000127e-01,1.691840000000000011e-01,1.875249999999999972e-01,1.682599999999999929e-01,1.968380000000000130e-01,1.422309999999999963e-01
1.772029999999999994e-01,1.792120000000000102e-01,1.709769999999999901e-01,1.549210000000000031e-01,1.509469999999999978e-01,1.449580000000000035e-01,2.083250000000000102e-01,1.540410000000000112e-01,1.634299999999999919e-01,1.558930000000000038e-01,1.365310000000000135e-01,2.036590000000000067e-01,1.461210000000000009e-01,1.398060000000000136e-01,1.654299999999999937e-01,1.727120000000000044e-01,1.952149999999999996e-01,1.971539999999999959e-01,2.014440000000000119e-01,1.577880000000000116e-01,1.561140000000000028e-01,1.460009999999999919e-01,1.579490000000000061e-01,1.624339999999999951e-01,1.222369999999999984e-01,1.798849999999999894e-01,2.249170000000000058e-01,1.950900000000000134e-01,1.876700000000000035e-01,1.645739999999999981e-01,1.999839999999999951e-01,1.736620000000000108e-01,1.890890000000000071e-01,2.073119999999999963e-01,2.051109999999999878e-01,1.691370000000000096e-01,1.652440000000000020e-01,1.310939999999999883e-01,1.661970000000000114e-01,1.819590000000000096e-01,1.825479999999999881e-01,1.439999999999999891e-01,1.736109999999999876e-01,1.495539999999999925e-01,1.703419999999999934e-01,1.350000000000000089e-01,1.826109999999999955e-01,1.896549999999999903e-01,1.409549999999999970e-01,1.649090000000000000e-01,1.420559999999999878e-01,1.307310000000000139e-01,1.705069999999999919e-01,1.951630000000000031e-01,2.087549999999999961e-01,1.607089999999999907e-01,1.714320000000000010e-01,1.674670000000000047e-01
1.330409999999999926e-01,1.902159999999999962e-01,1.255979999999999874e-01,1.474209999999999965e-01,1.667269999999999863e-01,1.488170000000000048e-01,1.365790000000000060e-01,1.591410000000000047e-01,1.542080000000000117e-01,1.757749999999999868e-01,1.436290000000000067e-01,1.192899999999999933e-01,1.456790000000000029e-01,1.597510000000000041e-01,1.851990000000000025e-01,1.383320000000000105e-01,1.134099999999999969e-01,1.902929999999999899e-01,1.676489999999999925e-01,1.505110000000000059e-01,1.334220000000000128e-01,1.331499999999999906e-01,1.105330000000000062e-01,1.334289999999999921e-01,1.441850000000000076e-01,1.376189999999999913e-01,1.241899999999999948e-01,1.676860000000000017e-01,1.389350000000000029e-01,1.033970000000000028e-01,1.239699999999999969e-01,1.595910000000000106e-01,1.536770000000000080e-01,1.615040000000000087e-01,1.620209999999999984e-01,1.611779999999999879e-01,1.522239999999999982e-01,1.173980000000000024e-01,1.631100000000000050e-01,2.137590000000000046e-01,1.771619999999999862e-01,1.300189999999999957e-01,9.728499999999999648e-02,1.808559999999999890e-01,1.340629999999999877e-01,1.926900000000000002e-01,1.353530000000000011e-01,1.400810000000000111e-01,1.703759999999999997e-01,1.077000000000000041e-01,1.788609999999999922e-01,1.398459999999999981e-01,1.329849999999999921e-01,1.667780000000000096e-01,1.196429999999999993e-01,1.517799999999999983e-01,1.177010000000000001e-01,1.883529999999999927e-01
1.196040000000000020e-01,1.234510000000000052e-01,1.607750000000000012e-01,1.587189999999999990e-01,1.221280000000000004e-01,1.160790000000000016e-01,1.516419999999999990e-01,1.443879999999999886e-01,1.571279999999999899e-01,1.298749999999999905e-01,1.393199999999999994e-01,1.009379999999999999e-01,1.606249999999999900e-01,1.481260000000000077e-01,1.068540000000000045e-01,1.550030000000000019e-01,1.081659999999999983e-01,1.037129999999999996e-01,1.364450000000000107e-01,1.747869999999999979e-01,1.210009999999999974e-01,1.420450000000000046e-01,1.152519999999999933e-01,1.004079999999999973e-01,1.067479999999999957e-01,1.275640000000000107e-01,1.011240000000000056e-01,1.501260000000000094e-01,1.148819999999999980e-01,9.421200000000000407e-02,9.960600000000000009e-02,1.147279999999999966e-01,1.232020000000000060e-01,1.545320000000000027e-01,1.426600000000000090e-01,1.133569999999999994e-01,1.179749999999999965e-01,1.532530000000000003e-01,1.440420000000000034e-01,1.320610000000000117e-01,1.129480000000000067e-01,1.705049999999999899e-01,9.666299999999999892e-02,1.570650000000000102e-01,1.194940000000000030e-01,1.460259999999999891e-01,1.453299999999999870e-01,1.246850000000000042e-01,1.221330000000000054e-01,1.690840000000000121e-01,1.322399999999999964e-01,1.737269999999999925e-01,1.519220000000000015e-01,1.418129999999999946e-01,1.182870000000000033e-01,1.716999999999999915e-01,1.686979999999999869e-01,1.456570000000000087e-01
1.359750000000000125e-01,1.193639999999999979e-01,1.347430000000000017e-01,1.194500000000000006e-01,1.530259999999999954e-01,1.365919999999999912e-01,9.450699999999999379e-02,1.448879999999999890e-01,1.048889999999999961e-01,1.163269999999999998e-01,1.372740000000000071e-01,1.000209999999999988e-01,1.375699999999999978e-01,1.495720000000000105e-01,1.436429999999999929e-01,1.323370000000000102e-01,9.444199999999999817e-02,1.168529999999999985e-01,1.487940000000000096e-01,1.196070000000000050e-01,1.077250000000000013e-01,9.794100000000000028e-02,1.685029999999999861e-01,1.665709999999999968e-01,1.192970000000000003e-01,1.226860000000000034e-01,1.306660000000000044e-01,1.198919999999999986e-01,1.458679999999999977e-01,1.258299999999999974e-01,1.424759999999999915e-01,1.251539999999999875e-01,1.252709999999999935e-01,1.142959999999999948e-01,1.311470000000000136e-01,1.126319999999999960e-01,1.263680000000000081e-01,1.124480000000000063e-01,1.046249999999999958e-01,9.335300000000000542e-02,1.235089999999999938e-01,1.089210000000000039e-01,1.401249999999999996e-01,1.313070000000000070e-01,1.064240000000000047e-01,9.062499999999999722e-02,9.460499999999999465e-02,9.220299999999999330e-02,9.707499999999999463e-02,1.084190000000000015e-01,1.259730000000000016e-01,1.085519999999999957e-01,9.254500000000000226e-02,1.503049999999999942e-01,1.126930000000000015e-01,1.474389999999999867e-01,1.137829999999999953e-01,1.100600000000000050e-01
1.305169999999999941e-01,8.532499999999999807e-02,1.024120000000000030e-01,1.171709999999999974e-01,7.538799999999999668e-02,1.246229999999999977e-01,8.206700000000000106e-02,1.278749999999999887e-01,1.171719999999999984e-01,1.576819999999999888e-01,1.120629999999999959e-01,1.411820000000000019e-01,1.180889999999999995e-01,1.567699999999999927e-01,1.391270000000000007e-01,1.021650000000000058e-01,1.481760000000000022e-01,1.093329999999999996e-01,1.075659999999999950e-01,9.901100000000000179e-02,8.809400000000000563e-02,1.446520000000000028e-01,8.114300000000000679e-02,9.545099999999999418e-02,1.483029999999999904e-01,1.318439999999999890e-01,1.241300000000000042e-01,1.724590000000000012e-01,1.276239999999999875e-01,1.050269999999999954e-01,1.125379999999999991e-01,1.035080000000000028e-01,1.387680000000000025e-01,1.237059999999999965e-01,1.214520000000000044e-01,9.089300000000000157e-02,9.914199999999999402e-02,1.031269999999999964e-01,9.079399999999999971e-02,1.052000000000000018e-01,1.283559999999999979e-01,1.001250000000000057e-01,1.143539999999999973e-01,8.348400000000000265e-02,1.182860000000000023e-01,9.850899999999999934e-02,9.606800000000000062e-02,9.302499999999999658e-02,1.366439999999999877e-01,1.064470000000000000e-01,1.004209999999999964e-01,1.079709999999999975e-01,1.098719999999999974e-01,1.581430000000000058e-01,1.372200000000000086e-01,7.946799999999999697e-02,7.823700000000000099e-02,1.127269999999999939e-01
9.009799999999999753e-02,1.732019999999999949e-01,1.120359999999999967e-01,9.023100000000000565e-02,7.455599999999999727e-02,1.226570000000000021e-01,1.202059999999999934e-01,1.005339999999999984e-01,1.146989999999999954e-01,1.293199999999999905e-01,1.305719999999999936e-01,7.912600000000000189e-02,1.286279999999999923e-01,1.059439999999999965e-01,1.042239999999999972e-01,1.298910000000000065e-01,1.251279999999999892e-01,1.014619999999999966e-01,9.964499999999999746e-02,9.533800000000000607e-02,1.146540000000000059e-01,8.621700000000000197e-02,1.017610000000000042e-01,1.052239999999999981e-01,1.352319999999999911e-01,1.145960000000000034e-01,1.009499999999999981e-01,1.485360000000000014e-01,1.194690000000000057e-01,9.092600000000000682e-02,1.619909999999999961e-01,7.969800000000000495e-02,1.084119999999999945e-01,1.135189999999999949e-01,1.067420000000000035e-01,1.043400000000000022e-01,1.061919999999999947e-01,8.948499999999999510e-02,1.112660000000000038e-01,9.216100000000000680e-02,8.160100000000000686e-02,9.102399999999999380e-02,1.181679999999999953e-01,9.374799999999999800e-02,9.117999999999999716e-02,9.633799999999999308e-02,1.398989999999999956e-01,1.018649999999999972e-01,9.413399999999999546e-02,9.944000000000000061e-02,1.199159999999999948e-01,7.377699999999999536e-02,5.843999999999999889e-02,1.194920000000000010e-01,1.304470000000000074e-01,6.609900000000000497e-02,9.203500000000000569e-02,1.025950000000000056e-01
1.000290000000000068e-01,1.079159999999999980e-01,1.071850000000000025e-01,9.568999999999999728e-02,8.786800000000000166e-02,8.099699999999999955e-02,9.368300000000000238e-02,8.153000000000000524e-02,1.510730000000000128e-01,7.934399999999999786e-02,7.579900000000000526e-02,1.410629999999999939e-01,9.730099999999999860e-02,9.915899999999999714e-02,1.527959999999999874e-01,1.310560000000000058e-01,1.002689999999999970e-01,1.246130000000000015e-01,6.155700000000000061e-02,8.424700000000000244e-02,8.823699999999999599e-02,9.878499999999999781e-02,1.150140000000000051e-01,1.092729999999999951e-01,8.587300000000000488e-02,9.057999999999999385e-02,1.003129999999999994e-01,1.105489999999999945e-01,8.083799999999999319e-02,8.938899999999999624e-02,7.340000000000000691e-02,9.340800000000000491e-02,1.207260000000000000e-01,6.350200000000000289e-02,9.568500000000000616e-02,7.628600000000000658e-02,8.587699999999999501e-02,6.691500000000000226e-02,1.019859999999999933e-01,1.114369999999999944e-01,1.228209999999999996e-01,9.760599999999999832e-02,1.134160000000000029e-01,1.158089999999999953e-01,1.383389999999999898e-01,1.282129999999999936e-01,8.315699999999999481e-02,1.120320000000000066e-01,9.567299999999999416e-02,8.599600000000000299e-02,9.231899999999999828e-02,7.655099999999999405e-02,1.273050000000000015e-01,9.209599999999999731e-02,1.261569999999999914e-01,1.133849999999999997e-01,6.425799999999999568e-02,9.669899999999999329e-02
9.858500000000000596e-02,8.478600000000000025e-02,1.089849999999999985e-01,8.916999999999999926e-02,7.728100000000000247e-02,1.090639999999999943e-01,1.032269999999999993e-01,9.834700000000000386e-02,1.265560000000000018e-01,8.770699999999999330e-02,9.605199999999999849e-02,9.841400000000000148e-02,1.162630000000000052e-01,9.776899999999999480e-02,1.023649999999999977e-01,5.939400000000000235e-02,7.438599999999999379e-02,1.145759999999999973e-01,7.737399999999999833e-02,1.265620000000000078e-01,1.237319999999999948e-01,6.852199999999999958e-02,1.548720000000000097e-01,7.947099999999999997e-02,1.039770000000000000e-01,8.438600000000000267e-02,6.713199999999999723e-02,8.341099999999999903e-02,7.863599999999999757e-02,6.448399999999999965e-02,7.933400000000000174e-02,9.662099999999999855e-02,8.931200000000000250e-02,9.788299999999999779e-02,1.172969999999999985e-01,1.187200000000000061e-01,1.079869999999999997e-01,1.195399999999999935e-01,9.372700000000000475e-02,9.263499999999999512e-02,9.799599999999999977e-02,8.605000000000000149e-02,8.782600000000000129e-02,9.025700000000000389e-02,7.123100000000000265e-02,6.684099999999999764e-02,9.808200000000000252e-02,1.063439999999999941e-01,8.714099999999999624e-02,1.102589999999999959e-01,8.144700000000000550e-02,1.081830000000000014e-01,9.934500000000000275e-02,9.210899999999999643e-02,1.022259999999999974e-01,9.698700000000000376e-02,9.414200000000000346e-02,9.211999999999999356e-02
8.215600000000000680e-02,7.815800000000000525e-02,7.825000000000000011e-02,8.635400000000000020e-02,9.434299999999999631e-02,9.414999999999999758e-02,1.039439999999999947e-01,1.298090000000000077e-01,8.008999999999999453e-02,9.517799999999999871e-02,1.113549999999999957e-01,8.734200000000000297e-02,7.488499999999999324e-02,1.475140000000000062e-01,1.141680000000000056e-01,9.735499999999999710e-02,1.071919999999999956e-01,7.532500000000000306e-02,7.393399999999999972e-02,1.257479999999999987e-01,9.005699999999999816e-02,1.165699999999999931e-01,1.065539999999999959e-01,1.135400000000000020e-01,9.928900000000000226e-02,7.453899999999999415e-02,7.127300000000000302e-02,9.055900000000000061e-02,7.679700000000000415e-02,1.164550000000000030e-01,6.842499999999999971e-02,8.890399999999999692e-02,6.428999999999999992e-02,8.302800000000000458e-02,6.642900000000000194e-02,7.817300000000000637e-02,7.984199999999999631e-02,7.388799999999999535e-02,9.518799999999999484e-02,1.004339999999999955e-01,8.131599999999999939e-02,7.780299999999999716e-02,1.193069999999999964e-01,7.740099999999999758e-02,8.105600000000000305e-02,8.354499999999999427e-02,7.081800000000000594e-02,9.713199999999999612e-02,7.064700000000000146e-02,7.807200000000000251e-02,9.477099999999999413e-02,9.686599999999999377e-02,6.613700000000000134e-02,8.489299999999999624e-02,1.125759999999999955e-01,7.915300000000000114e-02,8.870400000000000507e-02,5.188199999999999756e-02
1.125010000000000038e-01,1.264409999999999978e-01,9.667199999999999405e-02,8.203799999999999981e-02,7.730099999999999472e-02,9.036700000000000288e-02,1.125109999999999999e-01,7.873600000000000043e-02,9.829300000000000537e-02,1.187909999999999938e-01,1.062659999999999993e-01,9.262800000000000200e-02,5.578299999999999925e-02,1.032030000000000031e-01,9.475899999999999601e-02,6.409800000000000220e-02,6.919699999999999462e-02,8.152099999999999624e-02,8.540200000000000569e-02,8.845600000000000684e-02,6.428899999999999892e-02,5.986099999999999755e-02,9.743400000000000671e-02,9.502800000000000136e-02,1.110069999999999946e-01,8.347599999999999465e-02,9.773999999999999355e-02,9.701899999999999413e-02,7.938599999999999823e-02,7.290399999999999658e-02,8.071499999999999508e-02,9.334599999999999842e-02,1.383780000000000010e-01,8.563099999999999878e-02,7.254399999999999737e-02,1.141240000000000032e-01,8.550099999999999367e-02,6.920700000000000462e-02,8.612999999999999823e-02,8.259800000000000475e-02,8.727600000000000635e-02,8.994099999999999318e-02,8.347100000000000353e-02,6.490400000000000336e-02,8.445900000000000629e-02,8.197200000000000319e-02,7.275800000000000323e-02,1.099730000000000013e-01,5.410700000000000232e-02,7.138799999999999313e-02,1.048869999999999941e-01,7.159899999999999598e-02,7.657200000000000117e-02,7.106500000000000317e-02,8.539099999999999469e-02,4.983499999999999736e-02,9.674499999999999766e-02,7.971399999999999320e-02
6.122899999999999870e-02,6.601400000000000323e-02,1.152910000000000046e-01,6.886299999999999366e-02,9.622400000000000397e-02,1.212990000000000040e-01,8.001600000000000379e-02,7.504399999999999959e-02,9.062800000000000022e-02,5.578899999999999831e-02,6.936399999999999511e-02,7.089199999999999668e-02,6.036899999999999905e-02,7.630199999999999483e-02,1.158099999999999963e-01,7.893200000000000216e-02,1.100399999999999989e-01,9.105299999999999505e-02,5.836199999999999721e-02,8.573100000000000165e-02,8.853300000000000058e-02,8.518199999999999383e-02,7.682100000000000040e-02,1.005970000000000059e-01,8.428399999999999781e-02,1.146279999999999938e-01,6.694799999999999363e-02,8.071799999999999808e-02,1.278720000000000134e-01,1.022409999999999985e-01,7.022499999999999576e-02,7.941199999999999648e-02,7.679400000000000115e-02,9.065199999999999647e-02,9.176299999999999735e-02,7.736700000000000521e-02,8.655400000000000593e-02,8.112600000000000366e-02,5.698999999999999899e-02,9.508900000000000685e-02,9.546899999999999831e-02,9.904499999999999416e-02,6.771699999999999942e-02,7.552200000000000579e-02,8.621299999999999797e-02,6.650100000000000455e-02,7.880299999999999805e-02,9.516099999999999559e-02,9.336200000000000054e-02,8.595300000000000162e-02,6.725699999999999734e-02,9.201199999999999657e-02,9.364200000000000301e-02,6.210600000000000148e-02,8.892400000000000304e-02,6.962300000000000433e-02,6.024499999999999994e-02,8.931600000000000650e-02
6.929899999999999949e-02,6.915699999999999625e-02,6.080499999999999794e-02,8.781600000000000517e-02,7.053299999999999847e-02,5.494799999999999685e-02,1.203520000000000006e-01,7.678100000000000203e-02,7.629900000000000571e-02,7.519199999999999495e-02,6.530600000000000294e-02,7.002500000000000391e-02,7.797700000000000464e-02,6.529400000000000481e-02,6.897999999999999965e-02,8.133100000000000052e-02,9.788800000000000279e-02,7.554099999999999704e-02,8.548100000000000143e-02,9.607200000000000462e-02,8.541300000000000281e-02,7.482900000000000662e-02,7.613999999999999935e-02,9.181499999999999384e-02,4.432400000000000229e-02,8.812300000000000688e-02,1.090170000000000028e-01,8.159500000000000086e-02,7.822500000000000286e-02,1.007500000000000062e-01,7.759900000000000131e-02,8.487400000000000500e-02,5.447099999999999859e-02,7.559699999999999753e-02,1.030039999999999983e-01,1.118060000000000026e-01,8.161699999999999511e-02,9.188899999999999846e-02,8.388199999999999823e-02,7.243399999999999839e-02,6.115700000000000303e-02,7.877900000000000180e-02,7.567899999999999627e-02,7.582999999999999463e-02,7.017299999999999927e-02,8.575599999999999890e-02,7.161299999999999610e-02,1.164039999999999936e-01,7.033499999999999475e-02,6.624199999999999533e-02,5.757899999999999824e-02,7.061299999999999522e-02,8.803999999999999326e-02,6.639399999999999469e-02,8.184400000000000008e-02,9.184399999999999509e-02,7.181899999999999396e-02,1.014000000000000040e-01
6.490100000000000036e-02,8.622699999999999809e-02,7.391999999999999960e-02,8.441700000000000592e-02,6.048900000000000110e-02,6.165199999999999847e-02,6.369600000000000262e-02,9.269099999999999562e-02,7.538400000000000656e-02,9.411600000000000521e-02,6.782799999999999940e-02,8.049099999999999311e-02,7.508399999999999797e-02,6.526400000000000257e-02,7.975999999999999757e-02,5.882500000000000229e-02,7.255799999999999750e-02,5.792100000000000026e-02,6.008100000000000246e-02,8.555999999999999717e-02,6.703699999999999937e-02,6.840000000000000246e-02,1.367079999999999962e-01,8.066700000000000259e-02,8.870100000000000207e-02,6.813099999999999712e-02,6.913700000000000401e-02,9.595199999999999563e-02,5.977500000000000174e-02,8.357399999999999551e-02,6.008100000000000246e-02,7.340599999999999903e-02,1.009929999999999994e-01,7.314400000000000068e-02,7.535899999999999543e-02,9.016899999999999915e-02,7.542699999999999405e-02,7.139199999999999713e-02,6.832199999999999385e-02,1.116049999999999959e-01,7.065299999999999359e-02,8.562000000000000166e-02,6.135399999999999882e-02,7.449699999999999378e-02,6.759099999999999830e-02,4.506500000000000089e-02,9.188799999999999746e-02,9.861100000000000421e-02,1.018990000000000035e-01,7.478799999999999337e-02,8.230500000000000316e-02,7.076599999999999557e-02,8.123099999999999765e-02,7.285200000000000009e-02,9.264000000000000012e-02,5.041899999999999854e-02,8.113199999999999579e-02,8.992899999999999505e-02
9.377399999999999625e-02,7.376599999999999824e-02,5.993099999999999816e-02,7.454099999999999615e-02,7.713899999999999924e-02,7.588699999999999612e-02,8.313600000000000156e-02,5.727899999999999658e-02,7.562099999999999378e-02,5.442299999999999915e-02,8.220700000000000229e-02,1.412589999999999957e-01,8.420199999999999907e-02,7.780800000000000216e-02,6.044599999999999973e-02,9.759099999999999719e-02,9.222900000000000542e-02,8.165500000000000536e-02,6.676899999999999502e-02,5.283399999999999902e-02,6.247500000000000275e-02,9.304800000000000570e-02,7.192900000000000682e-02,7.657799999999999330e-02,6.529899999999999594e-02,7.724000000000000310e-02,7.443500000000000116e-02,6.616500000000000159e-02,6.086199999999999943e-02,9.385499999999999399e-02,6.383500000000000285e-02,5.718100000000000266e-02,7.279800000000000160e-02,5.584299999999999681e-02,7.654600000000000293e-02,7.428200000000000081e-02,8.672299999999999454e-02,9.382100000000000162e-02,6.208199999999999830e-02,8.083899999999999419e-02,8.867700000000000582e-02,8.171100000000000585e-02,7.460600000000000565e-02,8.732299999999999784e-02,7.922700000000000575e-02,6.462900000000000589e-02,6.552099999999999591e-02,8.551699999999999580e-02,9.457500000000000628e-02,1.079869999999999997e-01,7.083200000000000607e-02,1.041480000000000045e-01,8.937499999999999611e-02,8.470500000000000251e-02,9.490300000000000125e-02,6.417000000000000481e-02,1.356950000000000101e-01,6.429500000000000492e-02
5.877500000000000085e-02,8.119300000000000128e-02,9.696000000000000452e-02,9.866900000000000670e-02,5.783699999999999952e-02,5.797100000000000170e-02,8.853300000000000058e-02,1.094989999999999991e-01,6.422400000000000331e-02,6.251199999999999812e-02,7.538300000000000556e-02,9.239400000000000390e-02,7.011699999999999877e-02,8.671500000000000041e-02,4.653700000000000198e-02,4.965100000000000069e-02,7.887900000000000467e-02,7.226799999999999891e-02,5.390299999999999953e-02,8.359500000000000264e-02,5.688200000000000200e-02,5.418400000000000299e-02,1.038349999999999967e-01,5.784199999999999758e-02,5.902500000000000108e-02,7.481300000000000450e-02,8.201500000000000457e-02,8.284500000000000197e-02,5.643999999999999712e-02,6.878399999999999792e-02,6.031199999999999756e-02,6.958999999999999908e-02,6.704200000000000437e-02,4.571700000000000069e-02,9.795199999999999740e-02,8.112700000000000466e-02,6.555199999999999916e-02,8.458699999999999553e-02,8.332900000000000029e-02,6.868799999999999906e-02,6.194899999999999712e-02,6.595199999999999674e-02,7.706000000000000349e-02,7.624300000000000521e-02,7.953000000000000347e-02,8.431800000000000406e-02,8.652500000000000469e-02,9.846799999999999997e-02,7.812199999999999700e-02,6.748700000000000532e-02,6.523400000000000032e-02,7.061599999999999822e-02,7.349400000000000377e-02,5.783499999999999752e-02,7.462399999999999589e-02,8.828800000000000536e-02,6.840499999999999359e-02,4.513099999999999751e-02
6.107800000000000035e-02,8.789900000000000491e-02,6.125099999999999989e-02,6.477299999999999724e-02,5.449500000000000177e-02,7.928100000000000425e-02,6.006899999999999740e-02,9.915300000000000502e-02,5.942399999999999766e-02,7.587499999999999800e-02,7.095700000000000618e-02,7.840800000000000547e-02,8.798100000000000365e-02,6.810700000000000087e-02,8.757399999999999907e-02,6.206600000000000311e-02,7.100499999999999867e-02,6.326099999999999779e-02,9.955700000000000660e-02,8.408599999999999408e-02,8.475299999999999501e-02,7.381400000000000461e-02,8.143400000000000638e-02,6.675999999999999990e-02,7.617000000000000159e-02,7.313600000000000656e-02,8.063099999999999434e-02,4.486600000000000310e-02,4.410800000000000137e-02,1.100219999999999948e-01,4.488999999999999935e-02,7.983700000000000518e-02,4.160799999999999915e-02,6.774399999999999866e-02,6.393600000000000672e-02,7.294799999999999895e-02,4.329800000000000315e-02,4.932500000000000079e-02,7.401199999999999446e-02,6.779499999999999416e-02,8.314000000000000556e-02,5.612000000000000322e-02,5.938000000000000222e-02,6.344800000000000439e-02,6.210299999999999848e-02,6.390600000000000447e-02,6.476600000000000412e-02,6.344400000000000039e-02,7.235700000000000465e-02,7.920900000000000163e-02,5.426299999999999873e-02,6.818100000000000549e-02,7.958600000000000396e-02,6.111899999999999972e-02,6.480400000000000049e-02,7.637299999999999645e-02,6.722100000000000297e-02,9.814799999999999913e-02
6.152799999999999936e-02,5.376700000000000229e-02,5.861399999999999944e-02,5.129399999999999932e-02,6.118200000000000027e-02,6.392499999999999571e-02,5.573800000000000282e-02,1.003020000000000023e-01,5.896099999999999952e-02,9.751799999999999358e-02,6.152799999999999936e-02,8.196199999999999319e-02,6.029700000000000337e-02,7.489800000000000624e-02,7.581000000000000238e-02,6.632399999999999407e-02,5.722499999999999809e-02,5.834299999999999903e-02,1.264560000000000128e-01,8.766500000000000681e-02,6.804300000000000626e-02,6.470900000000000263e-02,5.070000000000000201e-02,6.584299999999999875e-02,4.907999999999999863e-02,8.200000000000000344e-02,7.475099999999999800e-02,6.345000000000000639e-02,5.969399999999999706e-02,1.031939999999999941e-01,7.538300000000000556e-02,6.322099999999999942e-02,8.128499999999999615e-02,5.542699999999999710e-02,5.458799999999999764e-02,6.642099999999999393e-02,6.520700000000000107e-02,5.011199999999999682e-02,4.155999999999999972e-02,6.562600000000000378e-02,7.212300000000000655e-02,6.192700000000000288e-02,6.988500000000000267e-02,6.978299999999999781e-02,6.490300000000000236e-02,7.050800000000000123e-02,1.027279999999999999e-01,4.937600000000000322e-02,3.503200000000000064e-02,7.104800000000000004e-02,5.420799999999999924e-02,6.038500000000000117e-02,6.560900000000000065e-02,7.371400000000000174e-02,9.087900000000000145e-02,6.278400000000000647e-02,5.233299999999999758e-02,5.063600000000000045e-02
4.104100000000000109e-02,7.023500000000000576e-02,4.668300000000000227e-02,6.122699999999999670e-02,6.859899999999999332e-02,5.303100000000000175e-02,8.480400000000000438e-02,6.934400000000000286e-02,9.647899999999999532e-02,9.340099999999999791e-02,5.358199999999999769e-02,7.258000000000000562e-02,8.763999999999999568e-02,6.935499999999999998e-02,6.688500000000000001e-02,1.065180000000000016e-01,6.896800000000000153e-02,6.189399999999999763e-02,5.597099999999999992e-02,8.687300000000000577e-02,5.416300000000000281e-02,5.580100000000000338e-02,7.570300000000000640e-02,4.930099999999999760e-02,7.006400000000000128e-02,6.296499999999999320e-02,5.931000000000000161e-02,7.428800000000000681e-02,5.328499999999999903e-02,6.939700000000000035e-02,7.346999999999999365e-02,6.536100000000000243e-02,6.874500000000000055e-02,8.318200000000000593e-02,5.024399999999999700e-02,7.387299999999999423e-02,5.253100000000000130e-02,5.905300000000000132e-02,5.469700000000000256e-02,7.545000000000000318e-02,6.761499999999999455e-02,5.923400000000000193e-02,7.895199999999999441e-02,4.795300000000000257e-02,4.698299999999999699e-02,5.216900000000000009e-02,4.998400000000000065e-02,7.791399999999999715e-02,7.390800000000000147e-02,4.742299999999999988e-02,5.275400000000000228e-02,5.855699999999999794e-02,7.673800000000000066e-02,4.794899999999999857e-02,6.167999999999999872e-02,5.744400000000000200e-02,5.849000000000000032e-02,7.877099999999999380e-02
5.651899999999999979e-02,9.159399999999999487e-02,5.571899999999999770e-02,4.997000000000000053e-02,6.534099999999999631e-02,6.329600000000000504e-02,7.312699999999999756e-02,5.238899999999999807e-02,5.874800000000000161e-02,3.572800000000000281e-02,4.953500000000000264e-02,9.785000000000000642e-02,5.481599999999999667e-02,7.086699999999999944e-02,5.542600000000000304e-02,6.235999999999999877e-02,4.843599999999999989e-02,8.361499999999999488e-02,6.214900000000000285e-02,8.615599999999999647e-02,4.672199999999999964e-02,7.103800000000000392e-02,7.708099999999999674e-02,5.912599999999999800e-02,5.408799999999999719e-02,6.547899999999999554e-02,6.031399999999999956e-02,6.709700000000000386e-02,4.950899999999999745e-02,5.989400000000000279e-02,3.346899999999999875e-02,8.245900000000000452e-02,6.520299999999999707e-02,6.379999999999999560e-02,4.791100000000000220e-02,9.025199999999999889e-02,5.547499999999999654e-02,6.789800000000000002e-02,5.341400000000000314e-02,6.165000000000000341e-02,4.913399999999999712e-02,9.507100000000000273e-02,6.473800000000000388e-02,5.773899999999999866e-02,7.574100000000000277e-02,5.356500000000000150e-02,6.125799999999999995e-02,7.252999999999999725e-02,4.367999999999999661e-02,5.691399999999999931e-02,6.676500000000000490e-02,7.844099999999999684e-02,1.117500000000000021e-01,5.885399999999999660e-02,5.753599999999999687e-02,6.589499999999999524e-02,5.659999999999999754e-02,6.546299999999999342e-02
8.283200000000000285e-02,7.166100000000000247e-02,5.584700000000000081e-02,7.025399999999999701e-02,6.982299999999999618e-02,6.201299999999999868e-02,6.335899999999999865e-02,6.398600000000000121e-02,4.819299999999999973e-02,5.190800000000000275e-02,5.136399999999999993e-02,6.227099999999999996e-02,6.073800000000000032e-02,8.173099999999999810e-02,5.176700000000000051e-02,7.966399999999999870e-02,4.763099999999999973e-02,5.004499999999999921e-02,5.143899999999999861e-02,6.104699999999999710e-02,4.621200000000000307e-02,9.067400000000000460e-02,6.616199999999999859e-02,6.204799999999999899e-02,5.655099999999999710e-02,5.677100000000000202e-02,5.272799999999999709e-02,4.636200000000000043e-02,4.761100000000000054e-02,8.654199999999999393e-02,4.683999999999999969e-02,7.356100000000000139e-02,8.279400000000000648e-02,5.448499999999999871e-02,5.636900000000000244e-02,7.038700000000000512e-02,6.243900000000000144e-02,4.538400000000000073e-02,6.351700000000000401e-02,5.938899999999999735e-02,5.869100000000000011e-02,6.877300000000000080e-02,6.456699999999999939e-02,7.501399999999999735e-02,6.565100000000000102e-02,5.866299999999999987e-02,7.239900000000000502e-02,5.561200000000000171e-02,7.072299999999999420e-02,4.762500000000000067e-02,5.406299999999999994e-02,5.158999999999999697e-02,4.280300000000000077e-02,8.028299999999999326e-02,8.146299999999999375e-02,6.822999999999999898e-02,4.737500000000000044e-02,6.494999999999999385e-02
6.671199999999999353e-02,4.892400000000000221e-02,5.952099999999999752e-02,5.779700000000000115e-02,8.974200000000000232e-02,6.281299999999999384e-02,5.470900000000000069e-02,5.099700000000000066e-02,4.403900000000000176e-02,7.154099999999999349e-02,7.666599999999999804e-02,6.682699999999999751e-02,5.032500000000000168e-02,5.641199999999999687e-02,5.872499999999999942e-02,5.892700000000000021e-02,5.790700000000000014e-02,6.251400000000000012e-02,5.725500000000000034e-02,7.628200000000000258e-02,5.823899999999999910e-02,5.497599999999999709e-02,7.340099999999999403e-02,7.465199999999999614e-02,5.388500000000000234e-02,7.565900000000000403e-02,5.572799999999999976e-02,5.922000000000000181e-02,5.334699999999999859e-02,7.871499999999999331e-02,6.890499999999999403e-02,6.819799999999999474e-02,5.750199999999999756e-02,7.947300000000000197e-02,5.804900000000000337e-02,4.976099999999999968e-02,4.117099999999999926e-02,5.836399999999999921e-02,5.552300000000000291e-02,4.810400000000000093e-02,6.390600000000000447e-02,5.207400000000000223e-02,6.188500000000000251e-02,6.571100000000000552e-02,7.004900000000000015e-02,8.457699999999999940e-02,4.583600000000000174e-02,7.402400000000000646e-02,4.544900000000000329e-02,4.734900000000000220e-02,5.409200000000000119e-02,5.104600000000000110e-02,5.136600000000000193e-02,4.046500000000000097e-02,5.470699999999999869e-02,5.568300000000000333e-02,6.579699999999999438e-02,7.246700000000000363e-02
5.285299999999999720e-02,6.428300000000000680e-02,4.252299999999999830e-02,6.851300000000000445e-02,3.878399999999999903e-02,4.649999999999999967e-02,6.322200000000000042e-02,6.394199999999999884e-02,6.642099999999999393e-02,7.966299999999999770e-02,6.296300000000000507e-02,7.185900000000000620e-02,6.650300000000000655e-02,6.538700000000000068e-02,5.678899999999999920e-02,5.939400000000000235e-02,6.211200000000000054e-02,4.640899999999999886e-02,5.372799999999999798e-02,4.567299999999999832e-02,5.466200000000000225e-02,4.480900000000000161e-02,5.296000000000000013e-02,5.560699999999999671e-02,5.066299999999999970e-02,5.802999999999999825e-02,5.049700000000000022e-02,5.635400000000000131e-02,6.710399999999999698e-02,6.704000000000000237e-02,8.859499999999999320e-02,5.074100000000000138e-02,6.402700000000000058e-02,6.200599999999999862e-02,5.593100000000000155e-02,7.792799999999999727e-02,5.041500000000000148e-02,5.954700000000000271e-02,5.417000000000000287e-02,6.524599999999999844e-02,5.350699999999999901e-02,4.560700000000000170e-02,6.703599999999999837e-02,4.861900000000000249e-02,5.786999999999999783e-02,6.184599999999999820e-02,5.696799999999999781e-02,6.807599999999999763e-02,5.700000000000000205e-02,5.107199999999999934e-02,6.445199999999999541e-02,5.814600000000000324e-02,9.795700000000000240e-02,7.589400000000000313e-02,5.147499999999999992e-02,6.494300000000000073e-02,6.651799999999999380e-02,3.576900000000000218e-02
8.462100000000000177e-02,6.120799999999999852e-02,5.239699999999999913e-02,4.063800000000000051e-02,6.009199999999999958e-02,3.718699999999999783e-02,5.074300000000000338e-02,5.743899999999999700e-02,9.271899999999999586e-02,7.248499999999999388e-02,6.124600000000000183e-02,5.806399999999999756e-02,4.532300000000000217e-02,7.431200000000000305e-02,5.236400000000000082e-02,6.961399999999999533e-02,7.610599999999999310e-02,3.522600000000000037e-02,4.371599999999999792e-02,4.033199999999999980e-02,4.207199999999999829e-02,7.115399999999999503e-02,5.262499999999999817e-02,4.065300000000000163e-02,3.984399999999999747e-02,6.060600000000000015e-02,3.924799999999999817e-02,6.014400000000000301e-02,6.163799999999999835e-02,4.452500000000000208e-02,5.326399999999999885e-02,6.297999999999999432e-02,4.717099999999999765e-02,4.978799999999999892e-02,6.339599999999999402e-02,4.925299999999999817e-02,7.976900000000000657e-02,4.580800000000000149e-02,7.432199999999999918e-02,5.767200000000000104e-02,5.506799999999999889e-02,6.320199999999999430e-02,7.164900000000000435e-02,6.927800000000000624e-02,6.348800000000000276e-02,6.115099999999999703e-02,4.906200000000000144e-02,7.785200000000000453e-02,4.554199999999999915e-02,4.839799999999999658e-02,4.915100000000000025e-02,3.841399999999999676e-02,6.455700000000000327e-02,6.913999999999999313e-02,6.850199999999999345e-02,4.371200000000000085e-02,5.760099999999999942e-02,4.649299999999999961e-02
5.292399999999999882e-02,6.550699999999999579e-02,5.071599999999999719e-02,6.185500000000000026e-02,4.718499999999999778e-02,6.674900000000000277e-02,4.058799999999999908e-02,5.849100000000000132e-02,4.381100000000000272e-02,5.587700000000000305e-02,7.254099999999999437e-02,5.200099999999999861e-02,4.913000000000000006e-02,6.181999999999999995e-02,3.812600000000000017e-02,5.238700000000000301e-02,4.372000000000000192e-02,5.691800000000000331e-02,5.720299999999999691e-02,3.964600000000000068e-02,9.390999999999999348e-02,3.900300000000000294e-02,5.116799999999999821e-02,5.716700000000000254e-02,4.919599999999999668e-02,6.044299999999999673e-02,4.540500000000000091e-02,5.650999999999999773e-02,4.738300000000000151e-02,6.105200000000000210e-02,6.498099999999999710e-02,5.182300000000000101e-02,5.434900000000000148e-02,7.043299999999999561e-02,7.728999999999999759e-02,4.888800000000000090e-02,4.844099999999999795e-02,5.074800000000000144e-02,7.363599999999999313e-02,4.843000000000000083e-02,3.302599999999999980e-02,6.459099999999999564e-02,6.564100000000000490e-02,8.300799999999999845e-02,5.833699999999999997e-02,5.451099999999999696e-02,6.358999999999999375e-02,4.903600000000000320e-02,4.074900000000000050e-02,3.733800000000000313e-02,6.593999999999999861e-02,5.959500000000000214e-02,5.752399999999999874e-02,5.514700000000000157e-02,4.979399999999999799e-02,5.749599999999999850e-02,5.593999999999999667e-02,6.760199999999999543e-02
4.966700000000000281e-02,5.041999999999999954e-02,6.924399999999999999e-02,5.977799999999999780e-02,5.866999999999999993e-02,3.648699999999999860e-02,6.465999999999999526e-02,3.839399999999999757e-02,7.806899999999999951e-02,5.311400000000000149e-02,6.499900000000000122e-02,4.634200000000000125e-02,5.188199999999999756e-02,6.358700000000000463e-02,8.895500000000000629e-02,5.335899999999999671e-02,6.308500000000000218e-02,6.982800000000000118e-02,5.407399999999999707e-02,4.444599999999999940e-02,5.227899999999999908e-02,7.458099999999999452e-02,5.156000000000000166e-02,5.524099999999999844e-02,5.693100000000000244e-02,4.389699999999999852e-02,6.205800000000000205e-02,5.269900000000000279e-02,3.791499999999999732e-02,4.735299999999999926e-02,5.808399999999999674e-02,7.284499999999999309e-02,5.374700000000000311e-02,6.057400000000000284e-02,5.981399999999999911e-02,4.578000000000000125e-02,4.593099999999999961e-02,5.344999999999999751e-02,4.769899999999999834e-02,4.397299999999999820e-02,3.601300000000000334e-02,5.852999999999999869e-02,3.902699999999999919e-02,4.567600000000000132e-02,5.702600000000000030e-02,6.079500000000000182e-02,5.122000000000000164e-02,4.388700000000000240e-02,6.458700000000000552e-02,4.197100000000000136e-02,4.093600000000000017e-02,5.947399999999999909e-02,6.116499999999999715e-02,5.916500000000000231e-02,4.861300000000000343e-02,3.993100000000000122e-02,5.640900000000000081e-02,4.661699999999999872e-02
6.649700000000000055e-02,4.362900000000000111e-02,6.514699999999999658e-02,4.106200000000000128e-02,6.026900000000000313e-02,4.473400000000000293e-02,5.655700000000000310e-02,4.834800000000000209e-02,5.669600000000000334e-02,5.086100000000000343e-02,4.672400000000000164e-02,4.854699999999999988e-02,4.753799999999999693e-02,5.547400000000000247e-02,6.309199999999999531e-02,3.803200000000000330e-02,5.809000000000000274e-02,3.954900000000000082e-02,5.820800000000000279e-02,4.618400000000000283e-02,7.423599999999999643e-02,3.303899999999999892e-02,4.771600000000000147e-02,3.523699999999999749e-02,5.817800000000000055e-02,6.179699999999999777e-02,5.408000000000000307e-02,6.652299999999999880e-02,6.669500000000000428e-02,6.806600000000000150e-02,5.892700000000000021e-02,6.655200000000000005e-02,4.634300000000000225e-02,6.959799999999999320e-02,6.860499999999999932e-02,7.007599999999999940e-02,6.015800000000000314e-02,4.097399999999999654e-02,7.166300000000000447e-02,7.167900000000000660e-02,6.933400000000000674e-02,7.109799999999999454e-02,5.346399999999999764e-02,5.203100000000000086e-02,5.507200000000000290e-02,4.600599999999999828e-02,4.466400000000000231e-02,4.592000000000000248e-02,7.864300000000000457e-02,6.129699999999999732e-02,3.793599999999999750e-02,4.823100000000000304e-02,4.696000000000000174e-02,8.289000000000000534e-02,4.878600000000000297e-02,5.580199999999999744e-02,7.026599999999999513e-02,7.669800000000000229e-02
7.084999999999999631e-02,6.351700000000000401e-02,7.067400000000000071e-02,7.762499999999999956e-02,7.824000000000000399e-02,5.351999999999999813e-02,5.926700000000000024e-02,6.382100000000000273e-02,7.738499999999999546e-02,1.078599999999999975e-01,4.966500000000000081e-02,9.199400000000000632e-02,7.004000000000000503e-02,6.698300000000000087e-02,7.586099999999999788e-02,1.634649999999999992e-01,7.181099999999999983e-02,6.923300000000000287e-02,8.338700000000000279e-02,8.276899999999999535e-02,9.694899999999999352e-02,5.461900000000000088e-02,8.424099999999999644e-02,5.197500000000000037e-02,9.087699999999999945e-02,4.911399999999999794e-02,5.901200000000000195e-02,9.155800000000000050e-02,6.661699999999999566e-02,4.839500000000000052e-02,8.651000000000000356e-02,7.131400000000000239e-02,4.759100000000000136e-02,4.548499999999999766e-02,6.943599999999999772e-02,5.827199999999999741e-02,5.884299999999999947e-02,5.504099999999999965e-02,4.331800000000000234e-02,6.064300000000000246e-02,6.259099999999999386e-02,6.121499999999999858e-02,7.961799999999999433e-02,5.926900000000000224e-02,6.568599999999999439e-02,5.564700000000000202e-02,4.348400000000000182e-02,5.491000000000000048e-02,5.109500000000000153e-02,3.166200000000000264e-02,6.959500000000000408e-02,5.780899999999999928e-02,4.818900000000000267e-02,5.146499999999999686e-02,6.860299999999999732e-02,6.258600000000000274e-02,7.539500000000000368e-02,4.845200000000000201e-02
5.301800000000000263e-02,4.373500000000000304e-02,8.052600000000000036e-02,4.471100000000000074e-02,5.902700000000000308e-02,6.459299999999999764e-02,4.933599999999999791e-02,5.177899999999999864e-02,5.646400000000000030e-02,4.170299999999999702e-02,6.304200000000000081e-02,4.343299999999999939e-02,3.882900000000000240e-02,7.038400000000000212e-02,4.848100000000000326e-02,5.245600000000000263e-02,5.665499999999999703e-02,5.346800000000000164e-02,3.706700000000000272e-02,5.444000000000000228e-02,4.927000000000000129e-02,5.728599999999999665e-02,5.702999999999999736e-02,6.674099999999999477e-02,6.649199999999999555e-02,3.181799999999999906e-02,3.824400000000000022e-02,8.773200000000000442e-02,5.747800000000000131e-02,7.048300000000000398e-02,3.956500000000000294e-02,5.493599999999999872e-02,7.313200000000000256e-02,5.603299999999999947e-02,4.790900000000000020e-02,6.076899999999999663e-02,5.452100000000000002e-02,4.584499999999999686e-02,5.644600000000000312e-02,9.081599999999999395e-02,4.492899999999999672e-02,5.050500000000000128e-02,2.904500000000000137e-02,5.844200000000000089e-02,5.906100000000000239e-02,4.113399999999999695e-02,5.092200000000000198e-02,4.498100000000000015e-02,4.835799999999999821e-02,8.140200000000000213e-02,3.947900000000000020e-02,4.482699999999999879e-02,5.260299999999999698e-02,5.967900000000000288e-02,3.767199999999999716e-02,6.609399999999999997e-02,3.534999999999999948e-02,4.497199999999999809e-02
4.215399999999999703e-02,4.823500000000000010e-02,4.628199999999999675e-02,5.681400000000000339e-02,3.793699999999999850e-02,7.789000000000000090e-02,4.775000000000000078e-02,4.411700000000000343e-02,6.291499999999999870e-02,5.233299999999999758e-02,6.875100000000000655e-02,6.465300000000000213e-02,6.130000000000000032e-02,4.619199999999999695e-02,6.105000000000000010e-02,7.201599999999999668e-02,4.505200000000000177e-02,3.406599999999999906e-02,4.309700000000000336e-02,4.703700000000000242e-02,5.153300000000000242e-02,4.501999999999999752e-02,4.999300000000000271e-02,4.252500000000000030e-02,4.800299999999999706e-02,5.219300000000000328e-02,5.855400000000000188e-02,5.126300000000000301e-02,3.495600000000000096e-02,5.281399999999999983e-02,5.005699999999999733e-02,4.054699999999999971e-02,5.719699999999999784e-02,3.117299999999999932e-02,3.305700000000000305e-02,5.286799999999999833e-02,5.905099999999999932e-02,4.209600000000000147e-02,4.393799999999999789e-02,4.150899999999999729e-02,5.215100000000000291e-02,6.567599999999999827e-02,4.728600000000000164e-02,5.735799999999999926e-02,5.406500000000000195e-02,6.021599999999999869e-02,3.735800000000000232e-02,4.047100000000000003e-02,6.380399999999999960e-02,4.436099999999999766e-02,4.067199999999999982e-02,6.637600000000000444e-02,4.964500000000000163e-02,5.034799999999999692e-02,6.391600000000000059e-02,3.124800000000000147e-02,6.251400000000000012e-02,6.214499999999999885e-02
5.069400000000000295e-02,5.030099999999999849e-02,5.000199999999999784e-02,5.561200000000000171e-02,4.526499999999999968e-02,5.224600000000000077e-02,5.049300000000000316e-02,3.624900000000000344e-02,6.613099999999999534e-02,4.200600000000000167e-02,5.734899999999999720e-02,4.546399999999999747e-02,4.821299999999999891e-02,3.583999999999999686e-02,4.613899999999999946e-02,4.611200000000000021e-02,4.087299999999999961e-02,4.697300000000000086e-02,8.889600000000000279e-02,3.634500000000000230e-02,3.969000000000000306e-02,4.672599999999999670e-02,4.458399999999999863e-02,5.399400000000000033e-02,5.534800000000000136e-02,4.171099999999999808e-02,3.841699999999999976e-02,4.362599999999999811e-02,5.924200000000000299e-02,5.755299999999999999e-02,6.053299999999999653e-02,3.461600000000000094e-02,4.062500000000000139e-02,6.418899999999999606e-02,4.655399999999999816e-02,4.203300000000000092e-02,5.784899999999999765e-02,5.813800000000000218e-02,6.425699999999999468e-02,5.532600000000000018e-02,5.686000000000000082e-02,2.890399999999999914e-02,4.719899999999999790e-02,4.798800000000000288e-02,3.113799999999999901e-02,6.223599999999999965e-02,4.209799999999999653e-02,4.436400000000000066e-02,4.703399999999999942e-02,4.677300000000000207e-02,3.454299999999999732e-02,4.553299999999999709e-02,3.491699999999999665e-02,4.521100000000000119e-02,8.451000000000000179e-02,5.673700000000000271e-02,5.625700000000000145e-02,4.313600000000000073e-02
4.263100000000000223e-02,6.133399999999999963e-02,5.638200000000000156e-02,4.815200000000000036e-02,3.728100000000000164e-02,4.279700000000000171e-02,6.903399999999999814e-02,3.660800000000000165e-02,6.465500000000000413e-02,5.529099999999999987e-02,3.873700000000000060e-02,4.098199999999999760e-02,3.792100000000000332e-02,5.498999999999999722e-02,6.032300000000000162e-02,5.480999999999999761e-02,7.303300000000000070e-02,4.932600000000000179e-02,5.721400000000000097e-02,3.115599999999999967e-02,5.524600000000000344e-02,2.670799999999999910e-02,4.454400000000000026e-02,6.184800000000000020e-02,4.466900000000000037e-02,5.147399999999999892e-02,4.211000000000000160e-02,5.010400000000000270e-02,4.377000000000000335e-02,3.324099999999999971e-02,5.088499999999999968e-02,4.703299999999999842e-02,3.911799999999999999e-02,2.500899999999999998e-02,7.636900000000000632e-02,4.846799999999999720e-02,5.670499999999999846e-02,4.533399999999999930e-02,5.335100000000000259e-02,5.202099999999999780e-02,4.107399999999999940e-02,3.950700000000000045e-02,3.165199999999999958e-02,4.288200000000000345e-02,3.849000000000000338e-02,4.332600000000000340e-02,2.588899999999999882e-02,4.819199999999999873e-02,5.955099999999999977e-02,6.305099999999999594e-02,5.578700000000000325e-02,5.541000000000000092e-02,4.372299999999999798e-02,6.291700000000000070e-02,4.604300000000000059e-02,4.186600000000000044e-02,4.714399999999999841e-02,3.878999999999999809e-02
4.248199999999999893e-02,7.198200000000000431e-02,4.652799999999999991e-02,5.095500000000000029e-02,5.445599999999999746e-02,3.576300000000000312e-02,4.905000000000000332e-02,6.615300000000000347e-02,3.518600000000000200e-02,6.629300000000000470e-02,4.887899999999999884e-02,5.588300000000000212e-02,3.799500000000000099e-02,6.951100000000000334e-02,4.895300000000000346e-02,4.420899999999999830e-02,5.088199999999999668e-02,5.892000000000000015e-02,4.677800000000000014e-02,4.194300000000000112e-02,3.564200000000000007e-02,3.887299999999999783e-02,4.618400000000000283e-02,4.662100000000000272e-02,5.705400000000000055e-02,3.476699999999999929e-02,3.688799999999999718e-02,5.505100000000000271e-02,4.313800000000000273e-02,3.136499999999999705e-02,3.628699999999999981e-02,4.102000000000000091e-02,4.191700000000000287e-02,4.138100000000000112e-02,4.431000000000000216e-02,4.055199999999999777e-02,3.393499999999999989e-02,5.700999999999999818e-02,3.343499999999999944e-02,4.634599999999999831e-02,4.527599999999999680e-02,4.023499999999999993e-02,3.421899999999999942e-02,7.401199999999999446e-02,3.524499999999999855e-02,6.297300000000000120e-02,4.803500000000000131e-02,3.492399999999999671e-02,4.374100000000000210e-02,4.415100000000000274e-02,4.911700000000000094e-02,5.521199999999999719e-02,6.784099999999999853e-02,5.007899999999999852e-02,4.419399999999999717e-02,5.517500000000000182e-02,3.432000000000000328e-02,4.865499999999999686e-02
5.800000000000000294e-02,4.806300000000000155e-02,4.147900000000000198e-02,4.830000000000000265e-02,4.814500000000000030e-02,5.181299999999999795e-02,5.368799999999999961e-02,4.455599999999999838e-02,4.268999999999999878e-02,7.019000000000000239e-02,5.319700000000000123e-02,3.780700000000000033e-02,3.359199999999999686e-02,7.064900000000000346e-02,4.579699999999999743e-02,5.379199999999999954e-02,3.501400000000000345e-02,4.511600000000000332e-02,2.784899999999999876e-02,3.099700000000000025e-02,4.653499999999999998e-02,4.933099999999999985e-02,5.729599999999999971e-02,5.172000000000000208e-02,4.764100000000000279e-02,3.455600000000000338e-02,4.549799999999999678e-02,2.582299999999999873e-02,3.850699999999999956e-02,4.686599999999999794e-02,5.938500000000000029e-02,5.554900000000000115e-02,5.213999999999999885e-02,3.663299999999999890e-02,3.633100000000000218e-02,4.436600000000000266e-02,4.406199999999999700e-02,4.110899999999999971e-02,4.469100000000000156e-02,3.729500000000000176e-02,5.283100000000000296e-02,1.989600000000000049e-02,5.219399999999999734e-02,3.946500000000000008e-02,6.185000000000000220e-02,3.959200000000000219e-02,4.175399999999999945e-02,4.087400000000000061e-02,3.599399999999999822e-02,5.317399999999999904e-02,5.058499999999999802e-02,4.273500000000000215e-02,5.803099999999999925e-02,4.474100000000000299e-02,4.050100000000000228e-02,4.057399999999999896e-02,5.265199999999999741e-02,5.383899999999999797e-02
2.439200000000000049e-02,4.416599999999999693e-02,5.856900000000000300e-02,4.737100000000000338e-02,3.538899999999999685e-02,4.393199999999999883e-02,4.515399999999999969e-02,3.366399999999999948e-02,4.444000000000000034e-02,5.050000000000000322e-02,3.808899999999999786e-02,4.412100000000000050e-02,4.724199999999999927e-02,3.522200000000000331e-02,3.256900000000000073e-02,5.524500000000000244e-02,6.045699999999999685e-02,4.745100000000000012e-02,4.682499999999999857e-02,3.597700000000000203e-02,4.960900000000000032e-02,5.519099999999999701e-02,5.075299999999999950e-02,4.984399999999999942e-02,4.109499999999999958e-02,4.412900000000000156e-02,6.584900000000000475e-02,4.421699999999999936e-02,3.786400000000000182e-02,4.671700000000000158e-02,3.309000000000000136e-02,4.197499999999999842e-02,4.500400000000000234e-02,5.825600000000000223e-02,5.047800000000000203e-02,4.142799999999999955e-02,5.309699999999999837e-02,9.124200000000000366e-02,3.379900000000000265e-02,5.253800000000000137e-02,2.996700000000000058e-02,3.482899999999999885e-02,4.746700000000000225e-02,5.727700000000000152e-02,5.423300000000000343e-02,3.467100000000000043e-02,6.222699999999999759e-02,4.947399999999999715e-02,3.600300000000000028e-02,3.865099999999999786e-02,4.374499999999999916e-02,3.411399999999999849e-02,3.268299999999999678e-02,3.870699999999999835e-02,3.637399999999999661e-02,4.460100000000000176e-02,3.511199999999999738e-02,5.134299999999999975e-02
3.162899999999999739e-02,4.815500000000000336e-02,3.673400000000000276e-02,4.011300000000000282e-02,5.460099999999999676e-02,3.275800000000000239e-02,3.362899999999999917e-02,3.877699999999999897e-02,4.843100000000000183e-02,4.046899999999999803e-02,3.581499999999999961e-02,5.523999999999999744e-02,3.893599999999999839e-02,5.900999999999999995e-02,7.955600000000000172e-02,5.288600000000000245e-02,5.277400000000000146e-02,3.536000000000000254e-02,8.321699999999999930e-02,3.874299999999999966e-02,4.517399999999999888e-02,3.287099999999999744e-02,4.443300000000000027e-02,4.171099999999999808e-02,4.689900000000000319e-02,6.451900000000000690e-02,4.521700000000000025e-02,2.838500000000000051e-02,4.492600000000000066e-02,4.468400000000000150e-02,4.763300000000000173e-02,6.416399999999999881e-02,4.300699999999999662e-02,3.438100000000000184e-02,3.900499999999999801e-02,4.008699999999999763e-02,6.774900000000000366e-02,3.072899999999999937e-02,3.457799999999999763e-02,2.771399999999999905e-02,4.801500000000000212e-02,4.349700000000000094e-02,5.661499999999999866e-02,4.456600000000000145e-02,5.969900000000000206e-02,2.965299999999999880e-02,5.025400000000000006e-02,3.585100000000000092e-02,3.416999999999999899e-02,3.887999999999999790e-02,5.286699999999999733e-02,2.825899999999999940e-02,3.919600000000000167e-02,4.152299999999999741e-02,6.739499999999999658e-02,4.203300000000000092e-02,3.433800000000000047e-02,4.439200000000000090e-02
8.607599999999999973e-02,4.819099999999999773e-02,4.466799999999999937e-02,5.141699999999999743e-02,3.890699999999999714e-02,4.601000000000000228e-02,3.818900000000000072e-02,3.534199999999999842e-02,3.332399999999999946e-02,4.519499999999999906e-02,3.668799999999999839e-02,2.917300000000000101e-02,4.220200000000000340e-02,3.552099999999999702e-02,4.837400000000000033e-02,3.935500000000000109e-02,5.706599999999999867e-02,4.331600000000000034e-02,3.697299999999999892e-02,3.164700000000000152e-02,3.832599999999999896e-02,5.762400000000000161e-02,4.968999999999999806e-02,4.130000000000000338e-02,5.676500000000000296e-02,5.149299999999999711e-02,4.377400000000000041e-02,3.309999999999999748e-02,4.457599999999999757e-02,4.157099999999999684e-02,4.628199999999999675e-02,5.874599999999999961e-02,5.691299999999999831e-02,2.839200000000000057e-02,4.744500000000000106e-02,3.171100000000000307e-02,3.212299999999999878e-02,4.362400000000000305e-02,4.264799999999999841e-02,4.027000000000000024e-02,3.903700000000000225e-02,3.979400000000000298e-02,4.420899999999999830e-02,4.463899999999999813e-02,3.040199999999999847e-02,5.988199999999999773e-02,4.744400000000000006e-02,3.848000000000000032e-02,4.205500000000000210e-02,5.278000000000000053e-02,3.752300000000000080e-02,4.555700000000000027e-02,4.284899999999999820e-02,4.221199999999999952e-02,4.222700000000000065e-02,5.214799999999999991e-02,5.119900000000000145e-02,4.421900000000000136e-02
4.755600000000000105e-02,3.859699999999999936e-02,5.084500000000000131e-02,4.733600000000000307e-02,4.185599999999999737e-02,4.579300000000000037e-02,3.514099999999999863e-02,2.330700000000000133e-02,3.194600000000000217e-02,3.201600000000000279e-02,4.071299999999999919e-02,4.270499999999999990e-02,4.649899999999999867e-02,3.904900000000000038e-02,3.344599999999999657e-02,4.801899999999999918e-02,4.937899999999999928e-02,5.632100000000000301e-02,5.763800000000000173e-02,3.831199999999999883e-02,3.225700000000000095e-02,2.754099999999999951e-02,4.364400000000000224e-02,6.389999999999999847e-02,2.702600000000000141e-02,3.357099999999999668e-02,4.804499999999999743e-02,4.087600000000000261e-02,2.617200000000000082e-02,4.320299999999999835e-02,4.801799999999999818e-02,5.879100000000000298e-02,4.195499999999999924e-02,4.453300000000000314e-02,3.804500000000000243e-02,3.714400000000000340e-02,3.093800000000000022e-02,4.053799999999999765e-02,5.252199999999999924e-02,4.496700000000000003e-02,4.557200000000000140e-02,5.371599999999999986e-02,4.787399999999999989e-02,3.801100000000000312e-02,4.532900000000000124e-02,2.900200000000000000e-02,4.485800000000000204e-02,4.278799999999999965e-02,5.377400000000000235e-02,4.766600000000000004e-02,3.465900000000000231e-02,7.586600000000000288e-02,3.882300000000000334e-02,3.369300000000000073e-02,4.353100000000000025e-02,6.885099999999999554e-02,4.464200000000000113e-02,4.995399999999999840e-02
4.178300000000000070e-02,2.686399999999999899e-02,3.692899999999999655e-02,3.248899999999999705e-02,4.455499999999999738e-02,4.126699999999999813e-02,3.801199999999999718e-02,4.589399999999999730e-02,3.258400000000000185e-02,4.673900000000000277e-02,4.188700000000000062e-02,5.822800000000000198e-02,4.147100000000000092e-02,2.867099999999999857e-02,5.075199999999999850e-02,6.477900000000000325e-02,2.856399999999999911e-02,3.468799999999999661e-02,6.218599999999999822e-02,3.162000000000000227e-02,2.714700000000000099e-02,6.444199999999999928e-02,5.057400000000000090e-02,3.116899999999999879e-02,3.606499999999999984e-02,3.401099999999999957e-02,4.494499999999999884e-02,5.140700000000000131e-02,5.133299999999999669e-02,3.417099999999999999e-02,4.624199999999999838e-02,3.728999999999999676e-02,4.208300000000000235e-02,3.771300000000000346e-02,2.669399999999999898e-02,5.536800000000000055e-02,3.047499999999999862e-02,5.164200000000000040e-02,3.923299999999999704e-02,3.394199999999999995e-02,3.999199999999999977e-02,4.709599999999999898e-02,5.342399999999999927e-02,4.540799999999999698e-02,6.739900000000000058e-02,5.466599999999999931e-02,3.755800000000000111e-02,4.760999999999999954e-02,2.061699999999999991e-02,6.698600000000000387e-02,4.737299999999999844e-02,4.999399999999999678e-02,2.891700000000000173e-02,4.807399999999999868e-02,3.859400000000000330e-02,4.149599999999999816e-02,5.185800000000000132e-02,2.991999999999999868e-02
2.700800000000000076e-02,3.836200000000000027e-02,4.947499999999999815e-02,5.502900000000000152e-02,4.724300000000000027e-02,3.485699999999999910e-02,2.943199999999999983e-02,4.229299999999999726e-02,3.492599999999999871e-02,3.426300000000000179e-02,4.820499999999999785e-02,3.761199999999999960e-02,4.392999999999999683e-02,3.172799999999999926e-02,4.556600000000000233e-02,3.660499999999999865e-02,3.764399999999999691e-02,4.499199999999999727e-02,3.285500000000000226e-02,3.595099999999999685e-02,5.399799999999999739e-02,4.774899999999999978e-02,4.533100000000000324e-02,4.591599999999999848e-02,3.572000000000000175e-02,3.548099999999999865e-02,4.438000000000000278e-02,3.338399999999999701e-02,4.365299999999999736e-02,3.812200000000000311e-02,3.311299999999999660e-02,4.857700000000000212e-02,2.686799999999999952e-02,4.412599999999999856e-02,3.255999999999999867e-02,6.211300000000000154e-02,3.138400000000000217e-02,3.545199999999999740e-02,5.473299999999999693e-02,2.942300000000000124e-02,3.399200000000000138e-02,5.257200000000000067e-02,5.027100000000000318e-02,3.832499999999999796e-02,4.680000000000000132e-02,4.385499999999999815e-02,3.702500000000000235e-02,4.111700000000000077e-02,5.021099999999999869e-02,4.204399999999999804e-02,3.886099999999999971e-02,5.022800000000000181e-02,4.478100000000000136e-02,3.363100000000000117e-02,4.256200000000000261e-02,4.952499999999999958e-02,4.488700000000000329e-02,4.481899999999999773e-02
4.967200000000000087e-02,4.311099999999999655e-02,3.709799999999999903e-02,3.218399999999999733e-02,3.511899999999999744e-02,4.364599999999999730e-02,3.851600000000000162e-02,3.491099999999999759e-02,4.609100000000000003e-02,5.022499999999999881e-02,5.004999999999999727e-02,3.760499999999999954e-02,4.949100000000000027e-02,4.047800000000000009e-02,6.045699999999999685e-02,2.447699999999999876e-02,4.573800000000000088e-02,4.363199999999999718e-02,3.081300000000000011e-02,3.278199999999999864e-02,2.723199999999999926e-02,3.455799999999999844e-02,4.682100000000000151e-02,4.787600000000000189e-02,3.731199999999999795e-02,4.388500000000000040e-02,4.856699999999999906e-02,3.982700000000000129e-02,5.206700000000000217e-02,3.368800000000000266e-02,3.965500000000000275e-02,3.593999999999999972e-02,4.480800000000000061e-02,3.588000000000000217e-02,4.299999999999999656e-02,3.921800000000000286e-02,4.972700000000000037e-02,3.391000000000000264e-02,2.968200000000000005e-02,4.420000000000000318e-02,5.510500000000000120e-02,3.987099999999999672e-02,2.926700000000000135e-02,3.860800000000000343e-02,2.604800000000000171e-02,3.087399999999999867e-02,4.313999999999999779e-02,4.940100000000000047e-02,4.507499999999999701e-02,3.214299999999999796e-02,3.897400000000000170e-02,4.184700000000000225e-02,4.484199999999999992e-02,4.196899999999999936e-02,4.945200000000000290e-02,4.735999999999999932e-02,4.265300000000000341e-02,5.170600000000000196e-02
3.562699999999999895e-02,4.506899999999999795e-02,3.662699999999999984e-02,3.197500000000000342e-02,3.301500000000000268e-02,5.958200000000000301e-02,3.684300000000000075e-02,4.334699999999999664e-02,3.725599999999999745e-02,3.721700000000000008e-02,5.323399999999999660e-02,3.629799999999999693e-02,3.036600000000000063e-02,4.367999999999999661e-02,4.176799999999999957e-02,4.760600000000000248e-02,4.567700000000000232e-02,5.564800000000000302e-02,2.787600000000000147e-02,4.406600000000000100e-02,4.274399999999999727e-02,3.336800000000000183e-02,3.363100000000000117e-02,5.326800000000000285e-02,3.777900000000000008e-02,3.348399999999999987e-02,3.506399999999999795e-02,3.022499999999999840e-02,3.775099999999999983e-02,5.602900000000000241e-02,3.589099999999999929e-02,3.600199999999999928e-02,4.461500000000000188e-02,3.009200000000000069e-02,3.614300000000000151e-02,4.910300000000000081e-02,3.076399999999999968e-02,4.428900000000000198e-02,3.852900000000000075e-02,4.231599999999999945e-02,3.674700000000000188e-02,4.232099999999999751e-02,3.782300000000000245e-02,2.656899999999999887e-02,3.273199999999999721e-02,4.913499999999999812e-02,4.531000000000000305e-02,3.595500000000000085e-02,3.654799999999999716e-02,4.036599999999999910e-02,4.439499999999999696e-02,3.579100000000000337e-02,3.713999999999999940e-02,3.143599999999999867e-02,4.397000000000000214e-02,3.801199999999999718e-02,3.984900000000000247e-02,4.897900000000000170e-02
3.127100000000000019e-02,4.648299999999999654e-02,4.031599999999999767e-02,4.126500000000000307e-02,3.294899999999999912e-02,4.362200000000000105e-02,2.777999999999999914e-02,4.016399999999999831e-02,4.775800000000000184e-02,4.290000000000000063e-02,4.320199999999999735e-02,3.295399999999999718e-02,6.036600000000000299e-02,2.964500000000000121e-02,3.752799999999999886e-02,4.557200000000000140e-02,3.394900000000000001e-02,2.864999999999999838e-02,4.578000000000000125e-02,4.189299999999999968e-02,2.050400000000000139e-02,4.445999999999999952e-02,4.036499999999999810e-02,4.525300000000000156e-02,2.888399999999999995e-02,3.841800000000000076e-02,5.146499999999999686e-02,3.419699999999999823e-02,5.540799999999999892e-02,3.922300000000000092e-02,3.158099999999999796e-02,3.614499999999999658e-02,5.061199999999999727e-02,4.993399999999999922e-02,2.754500000000000004e-02,2.751899999999999832e-02,3.182100000000000206e-02,4.604799999999999865e-02,3.674199999999999688e-02,3.255899999999999767e-02,4.633500000000000119e-02,4.586300000000000099e-02,3.492599999999999871e-02,4.779499999999999721e-02,3.366399999999999948e-02,2.968499999999999958e-02,3.713500000000000134e-02,5.335299999999999765e-02,3.676299999999999707e-02,3.662800000000000084e-02,4.384500000000000203e-02,2.408199999999999924e-02,3.029099999999999848e-02,3.641799999999999898e-02,4.510200000000000320e-02,3.398600000000000232e-02,5.027100000000000318e-02,4.691399999999999737e-02
2.078500000000000139e-02,4.217599999999999821e-02,3.862100000000000255e-02,4.468400000000000150e-02,4.039600000000000135e-02,4.639200000000000268e-02,4.467999999999999750e-02,3.417599999999999805e-02,4.451000000000000095e-02,3.987299999999999872e-02,3.291600000000000081e-02,3.195499999999999730e-02,4.221400000000000152e-02,4.016999999999999738e-02,4.322899999999999660e-02,4.025299999999999712e-02,3.462200000000000000e-02,4.761699999999999960e-02,4.878099999999999797e-02,4.327799999999999703e-02,4.582300000000000262e-02,4.457799999999999957e-02,3.328400000000000108e-02,4.062299999999999939e-02,4.945000000000000090e-02,5.447099999999999859e-02,5.170899999999999802e-02,5.047100000000000197e-02,2.536000000000000060e-02,4.372700000000000198e-02,4.731199999999999989e-02,2.890699999999999867e-02,4.137899999999999912e-02,3.318499999999999922e-02,3.046300000000000049e-02,3.327900000000000302e-02,4.512900000000000245e-02,3.399300000000000238e-02,3.429700000000000110e-02,2.420699999999999935e-02,4.112600000000000283e-02,3.933999999999999997e-02,2.841899999999999982e-02,4.524600000000000150e-02,5.233800000000000258e-02,3.316600000000000104e-02,4.236000000000000182e-02,4.193299999999999805e-02,3.514599999999999669e-02,4.777599999999999902e-02,3.554899999999999727e-02,3.436600000000000071e-02,4.877399999999999791e-02,3.887700000000000183e-02,3.461299999999999794e-02,3.535100000000000048e-02,3.515000000000000069e-02,3.488900000000000334e-02
3.596799999999999997e-02,4.910899999999999987e-02,3.604399999999999965e-02,6.027199999999999919e-02,4.521200000000000219e-02,4.378499999999999753e-02,5.496399999999999897e-02,4.228599999999999720e-02,3.792800000000000338e-02,3.724800000000000333e-02,3.254900000000000154e-02,2.924200000000000063e-02,4.257799999999999779e-02,3.057199999999999848e-02,3.204300000000000204e-02,4.085500000000000242e-02,2.488599999999999840e-02,3.799600000000000199e-02,4.166099999999999665e-02,4.717899999999999872e-02,3.096900000000000000e-02,5.858800000000000119e-02,3.195499999999999730e-02,3.946800000000000308e-02,3.104700000000000168e-02,5.565400000000000208e-02,4.152800000000000241e-02,5.110800000000000065e-02,4.191700000000000287e-02,3.562099999999999989e-02,2.871699999999999947e-02,4.830299999999999871e-02,3.395900000000000307e-02,2.409999999999999989e-02,3.061699999999999838e-02,2.590999999999999900e-02,5.756000000000000005e-02,4.107100000000000334e-02,3.407600000000000212e-02,4.037999999999999923e-02,4.046799999999999703e-02,3.538299999999999779e-02,3.092999999999999916e-02,2.863699999999999926e-02,3.419900000000000023e-02,3.990799999999999903e-02,3.448600000000000276e-02,3.835600000000000120e-02,4.143499999999999961e-02,4.172900000000000220e-02,3.829199999999999965e-02,5.365899999999999836e-02,3.243999999999999662e-02,2.859199999999999936e-02,3.608999999999999708e-02,3.815299999999999941e-02,3.685299999999999687e-02,4.180400000000000088e-02
3.950300000000000339e-02,4.168999999999999789e-02,3.600199999999999928e-02,3.074299999999999949e-02,3.633600000000000024e-02,4.803500000000000131e-02,4.090300000000000186e-02,3.250299999999999717e-02,2.546599999999999905e-02,5.301700000000000162e-02,2.972199999999999842e-02,4.003000000000000308e-02,3.777099999999999902e-02,3.861699999999999855e-02,4.446900000000000158e-02,5.247099999999999681e-02,4.671499999999999958e-02,3.520999999999999824e-02,2.279899999999999982e-02,2.932799999999999990e-02,3.444699999999999845e-02,3.784699999999999870e-02,3.234800000000000175e-02,4.435299999999999659e-02,4.250600000000000211e-02,4.214400000000000091e-02,3.540900000000000297e-02,3.229400000000000326e-02,4.854800000000000088e-02,3.287700000000000344e-02,3.891599999999999920e-02,2.323499999999999871e-02,2.822900000000000062e-02,3.418199999999999711e-02,5.110900000000000165e-02,4.431899999999999729e-02,3.565200000000000313e-02,4.098500000000000060e-02,3.716799999999999965e-02,4.429199999999999804e-02,4.150199999999999723e-02,4.316699999999999704e-02,2.909000000000000127e-02,3.847500000000000225e-02,3.366899999999999754e-02,2.843499999999999847e-02,4.081499999999999712e-02,3.003600000000000020e-02,3.826500000000000040e-02,2.883000000000000146e-02,3.600899999999999934e-02,3.391600000000000170e-02,5.218099999999999822e-02,3.253700000000000342e-02,4.699500000000000205e-02,7.001300000000000578e-02,4.843100000000000183e-02,3.395399999999999807e-02
4.360100000000000087e-02,3.505400000000000182e-02,3.329499999999999821e-02,2.548699999999999924e-02,3.866900000000000198e-02,4.963100000000000150e-02,3.790500000000000119e-02,4.305400000000000199e-02,1.703000000000000000e-02,4.226400000000000295e-02,4.082600000000000118e-02,4.762700000000000267e-02,3.544800000000000034e-02,3.358400000000000274e-02,3.529000000000000192e-02,2.327699999999999908e-02,3.528200000000000086e-02,5.540799999999999892e-02,3.153100000000000347e-02,3.763600000000000279e-02,3.667800000000000227e-02,4.135099999999999887e-02,4.552699999999999803e-02,4.750000000000000056e-02,4.669500000000000040e-02,4.296699999999999825e-02,4.299599999999999950e-02,2.834199999999999914e-02,3.529399999999999898e-02,4.294499999999999706e-02,3.430899999999999922e-02,4.104900000000000215e-02,4.009700000000000070e-02,3.631600000000000106e-02,2.105399999999999980e-02,3.755800000000000111e-02,3.849099999999999744e-02,4.700599999999999917e-02,3.607300000000000090e-02,4.066299999999999776e-02,2.855800000000000005e-02,4.245600000000000068e-02,6.551099999999999979e-02,3.594200000000000172e-02,3.017099999999999990e-02,3.273899999999999727e-02,3.598200000000000010e-02,1.949499999999999844e-02,2.794200000000000156e-02,5.276499999999999940e-02,3.725400000000000239e-02,3.647700000000000248e-02,3.520299999999999818e-02,4.102299999999999697e-02,3.541300000000000003e-02,5.022700000000000081e-02,2.835199999999999873e-02,2.669900000000000051e-02
3.314899999999999791e-02,3.506700000000000095e-02,3.672500000000000070e-02,3.502999999999999864e-02,4.286600000000000132e-02,4.192900000000000099e-02,3.383499999999999702e-02,2.599500000000000074e-02,3.463100000000000206e-02,4.021700000000000275e-02,3.855800000000000199e-02,3.184700000000000031e-02,3.775200000000000083e-02,2.418000000000000010e-02,3.075200000000000156e-02,4.459799999999999875e-02,3.724600000000000133e-02,3.564500000000000307e-02,3.315099999999999991e-02,4.388299999999999840e-02,3.413100000000000162e-02,2.968000000000000152e-02,3.768200000000000022e-02,5.055500000000000271e-02,5.037699999999999817e-02,3.600899999999999934e-02,2.984500000000000000e-02,3.872300000000000048e-02,4.196899999999999936e-02,4.707800000000000179e-02,4.806599999999999762e-02,3.225200000000000289e-02,4.502599999999999658e-02,2.990999999999999909e-02,2.985799999999999912e-02,4.671299999999999758e-02,3.882000000000000034e-02,4.989699999999999691e-02,4.117599999999999733e-02,4.429099999999999704e-02,2.892399999999999832e-02,2.598699999999999968e-02,4.389200000000000046e-02,2.085599999999999954e-02,3.116000000000000020e-02,4.086599999999999955e-02,3.682300000000000156e-02,3.280600000000000183e-02,3.862299999999999761e-02,4.318799999999999722e-02,2.310800000000000007e-02,2.708299999999999944e-02,4.055999999999999883e-02,3.876500000000000085e-02,4.869699999999999723e-02,2.673299999999999982e-02,5.331799999999999734e-02,4.117400000000000226e-02
3.756199999999999817e-02,3.518799999999999706e-02,3.333300000000000152e-02,4.456600000000000145e-02,2.568600000000000050e-02,4.353800000000000031e-02,3.575500000000000206e-02,4.777900000000000202e-02,3.695699999999999680e-02,4.399000000000000132e-02,3.726000000000000145e-02,3.328799999999999815e-02,3.459500000000000075e-02,4.009700000000000070e-02,3.220900000000000152e-02,4.230400000000000132e-02,2.737200000000000050e-02,3.164899999999999658e-02,4.339799999999999908e-02,3.466899999999999843e-02,2.267299999999999871e-02,2.213599999999999943e-02,3.159000000000000002e-02,4.142799999999999955e-02,4.093499999999999917e-02,3.242500000000000243e-02,4.100999999999999784e-02,2.556699999999999945e-02,4.279299999999999771e-02,3.454200000000000326e-02,3.211499999999999772e-02,3.523199999999999943e-02,3.566400000000000126e-02,5.056100000000000178e-02,3.062799999999999898e-02,4.722699999999999815e-02,4.552400000000000196e-02,3.734099999999999919e-02,3.548799999999999871e-02,3.548300000000000065e-02,2.455699999999999897e-02,2.303099999999999939e-02,3.871399999999999841e-02,2.994300000000000087e-02,4.218800000000000328e-02,3.861699999999999855e-02,4.344200000000000145e-02,4.322000000000000147e-02,3.099100000000000119e-02,3.860600000000000143e-02,3.129799999999999943e-02,4.082600000000000118e-02,3.442699999999999927e-02,3.235099999999999781e-02,3.938900000000000040e-02,3.206099999999999922e-02,5.049499999999999822e-02,3.178999999999999881e-02
3.322100000000000053e-02,2.549799999999999983e-02,4.341500000000000220e-02,2.561899999999999941e-02,2.052400000000000058e-02,3.029600000000000001e-02,3.706700000000000272e-02,3.599900000000000322e-02,2.934300000000000103e-02,2.750999999999999973e-02,3.598400000000000210e-02,3.382399999999999990e-02,4.899300000000000183e-02,3.584600000000000286e-02,4.286899999999999739e-02,4.771899999999999753e-02,4.423200000000000048e-02,2.146699999999999997e-02,4.087600000000000261e-02,4.561899999999999983e-02,4.438600000000000184e-02,3.228299999999999920e-02,3.726800000000000251e-02,5.437100000000000266e-02,2.870199999999999835e-02,3.751999999999999780e-02,4.395000000000000295e-02,3.895300000000000151e-02,3.191599999999999993e-02,4.267699999999999966e-02,3.337199999999999889e-02,2.508499999999999966e-02,3.467599999999999849e-02,2.653499999999999956e-02,3.776600000000000096e-02,3.088499999999999926e-02,2.940500000000000058e-02,2.647000000000000047e-02,2.715400000000000105e-02,4.354399999999999937e-02,3.769499999999999934e-02,2.849000000000000143e-02,4.637600000000000056e-02,4.130199999999999844e-02,4.187899999999999956e-02,3.211100000000000065e-02,4.366099999999999842e-02,3.933099999999999791e-02,3.609199999999999908e-02,2.999699999999999936e-02,2.039799999999999947e-02,4.195900000000000324e-02,4.354399999999999937e-02,3.132700000000000068e-02,3.185199999999999837e-02,4.371400000000000285e-02,3.105300000000000074e-02,5.306099999999999706e-02
2.083799999999999888e-02,4.466599999999999737e-02,2.797300000000000134e-02,2.593300000000000119e-02,3.970499999999999724e-02,3.013000000000000053e-02,4.362499999999999711e-02,3.173900000000000332e-02,3.448699999999999682e-02,2.268900000000000083e-02,3.891000000000000014e-02,4.320199999999999735e-02,3.815700000000000341e-02,2.445500000000000104e-02,3.568999999999999950e-02,2.726400000000000004e-02,3.075500000000000109e-02,3.599399999999999822e-02,3.119099999999999998e-02,2.903800000000000131e-02,3.908799999999999775e-02,5.073400000000000132e-02,3.027600000000000083e-02,5.287300000000000333e-02,2.207800000000000040e-02,5.533500000000000224e-02,4.430499999999999716e-02,2.987499999999999878e-02,4.147399999999999698e-02,3.558999999999999664e-02,4.485999999999999710e-02,2.606500000000000136e-02,3.445200000000000345e-02,3.102699999999999902e-02,4.129499999999999837e-02,2.830699999999999883e-02,3.791499999999999732e-02,2.803399999999999989e-02,3.336599999999999983e-02,2.607200000000000142e-02,4.422399999999999942e-02,4.244900000000000062e-02,4.722799999999999915e-02,1.961099999999999996e-02,2.611700000000000133e-02,3.686600000000000293e-02,3.352000000000000118e-02,3.542599999999999916e-02,2.878100000000000103e-02,2.749599999999999961e-02,3.454600000000000032e-02,3.064100000000000157e-02,2.561400000000000135e-02,4.422800000000000342e-02,4.026099999999999818e-02,4.087099999999999761e-02,4.860099999999999837e-02,3.355099999999999749e-02
3.336800000000000183e-02,2.325100000000000083e-02,2.954400000000000082e-02,4.188200000000000256e-02,3.397100000000000120e-02,3.766900000000000109e-02,3.506399999999999795e-02,3.389400000000000052e-02,2.730399999999999841e-02,3.859900000000000136e-02,2.037200000000000122e-02,4.014100000000000307e-02,3.638999999999999874e-02,3.662800000000000084e-02,2.895100000000000104e-02,3.681299999999999850e-02,6.268500000000000461e-02,3.305199999999999805e-02,4.301499999999999768e-02,2.811400000000000010e-02,3.014700000000000019e-02,4.435900000000000259e-02,2.577600000000000030e-02,3.100800000000000084e-02,2.905999999999999903e-02,4.125199999999999700e-02,3.441000000000000308e-02,3.126099999999999712e-02,2.360900000000000151e-02,3.769800000000000234e-02,3.254699999999999954e-02,3.597399999999999903e-02,4.950100000000000333e-02,3.710700000000000109e-02,3.783600000000000158e-02,3.907499999999999862e-02,5.386500000000000316e-02,3.652899999999999897e-02,4.478800000000000142e-02,2.450600000000000001e-02,3.219899999999999846e-02,3.157999999999999696e-02,3.266399999999999859e-02,2.783499999999999863e-02,2.894899999999999904e-02,2.644000000000000170e-02,2.879800000000000068e-02,4.013900000000000107e-02,2.758899999999999894e-02,2.652699999999999850e-02,3.417699999999999905e-02,4.167400000000000271e-02,2.800100000000000158e-02,4.189299999999999968e-02,3.168699999999999989e-02,4.533600000000000130e-02,3.652600000000000291e-02,2.646300000000000041e-02
3.312500000000000167e-02,3.976699999999999680e-02,3.645999999999999935e-02,2.515200000000000075e-02,3.030100000000000154e-02,3.301899999999999974e-02,2.989500000000000143e-02,4.452400000000000108e-02,5.041199999999999848e-02,3.899600000000000288e-02,4.241899999999999837e-02,4.531199999999999811e-02,3.438499999999999890e-02,3.663999999999999896e-02,3.772299999999999959e-02,3.440599999999999908e-02,1.919399999999999926e-02,3.464699999999999724e-02,2.850199999999999956e-02,2.317200000000000162e-02,2.666200000000000167e-02,3.166299999999999670e-02,2.660699999999999871e-02,3.606700000000000184e-02,2.471399999999999986e-02,4.218299999999999828e-02,3.521799999999999931e-02,3.102699999999999902e-02,3.898200000000000276e-02,2.513699999999999962e-02,3.033200000000000132e-02,3.742700000000000193e-02,4.935599999999999710e-02,3.470499999999999974e-02,3.318600000000000022e-02,3.749399999999999955e-02,3.438299999999999690e-02,4.039100000000000329e-02,2.612300000000000039e-02,4.837700000000000333e-02,3.733500000000000013e-02,3.049299999999999927e-02,2.554000000000000020e-02,2.920299999999999979e-02,3.496500000000000302e-02,2.627499999999999974e-02,3.779699999999999727e-02,3.231599999999999751e-02,3.782300000000000245e-02,4.293799999999999700e-02,3.600199999999999928e-02,3.939000000000000140e-02,3.812600000000000017e-02,3.171800000000000314e-02,2.239100000000000118e-02,4.266099999999999753e-02,2.972699999999999995e-02,2.322899999999999965e-02
3.404900000000000287e-02,3.237700000000000300e-02,4.022599999999999787e-02,2.507799999999999960e-02,3.186200000000000143e-02,3.106000000000000080e-02,4.800000000000000100e-02,3.959000000000000019e-02,3.840199999999999864e-02,2.509000000000000119e-02,2.879500000000000115e-02,4.075700000000000156e-02,2.529899999999999857e-02,3.322300000000000253e-02,3.549499999999999877e-02,3.334199999999999664e-02,4.561300000000000077e-02,4.517399999999999888e-02,2.884600000000000011e-02,3.547499999999999959e-02,3.887199999999999683e-02,2.497600000000000167e-02,4.285900000000000126e-02,2.329499999999999973e-02,2.854500000000000093e-02,2.303300000000000139e-02,2.704300000000000107e-02,3.717700000000000171e-02,3.385099999999999915e-02,3.113900000000000001e-02,3.579100000000000337e-02,4.481000000000000261e-02,2.154599999999999918e-02,2.696099999999999886e-02,4.726299999999999946e-02,2.474399999999999863e-02,3.538999999999999785e-02,2.918099999999999861e-02,2.147400000000000003e-02,3.425000000000000266e-02,3.740600000000000175e-02,3.632400000000000212e-02,4.067699999999999788e-02,3.290499999999999675e-02,2.860100000000000142e-02,1.971799999999999942e-02,4.876099999999999879e-02,4.656600000000000322e-02,2.843800000000000147e-02,3.393800000000000289e-02,3.444300000000000139e-02,3.170599999999999807e-02,3.936499999999999722e-02,2.357300000000000020e-02,2.521599999999999883e-02,3.824899999999999828e-02,3.379399999999999765e-02,4.672099999999999864e-02
2.276900000000000104e-02,4.390800000000000258e-02,5.092100000000000098e-02,2.898600000000000135e-02,3.594300000000000272e-02,3.253600000000000242e-02,3.500299999999999939e-02,3.002200000000000008e-02,3.013899999999999912e-02,3.422100000000000142e-02,3.492599999999999871e-02,3.307100000000000317e-02,2.222899999999999876e-02,2.500700000000000145e-02,3.385200000000000015e-02,3.392200000000000076e-02,3.027900000000000036e-02,4.296599999999999725e-02,3.239199999999999718e-02,3.428900000000000003e-02,3.346099999999999769e-02,3.084399999999999989e-02,4.653299999999999798e-02,2.602600000000000052e-02,4.420099999999999724e-02,3.026799999999999977e-02,2.088699999999999932e-02,2.858899999999999983e-02,2.837100000000000039e-02,5.625000000000000139e-02,2.482399999999999884e-02,2.836800000000000085e-02,2.928000000000000047e-02,2.890099999999999961e-02,2.271799999999999861e-02,3.794199999999999656e-02,3.010099999999999928e-02,3.290099999999999969e-02,3.539500000000000285e-02,2.894899999999999904e-02,3.641799999999999898e-02,4.124099999999999988e-02,4.813800000000000023e-02,4.281499999999999889e-02,2.914999999999999883e-02,3.463499999999999912e-02,2.926899999999999988e-02,2.566799999999999984e-02,3.107499999999999846e-02,3.856500000000000206e-02,3.529800000000000298e-02,3.402800000000000269e-02,3.541899999999999910e-02,3.523400000000000143e-02,2.552099999999999855e-02,2.644099999999999923e-02,4.685799999999999688e-02,3.061399999999999885e-02
3.315200000000000091e-02,2.925799999999999929e-02,4.289799999999999863e-02,2.906900000000000109e-02,3.554800000000000321e-02,4.052300000000000346e-02,3.936599999999999822e-02,3.443600000000000133e-02,2.460199999999999887e-02,3.601200000000000234e-02,1.918299999999999866e-02,3.044200000000000031e-02,1.871400000000000147e-02,3.101800000000000043e-02,3.182700000000000112e-02,3.488999999999999740e-02,3.169299999999999895e-02,1.877799999999999955e-02,3.002399999999999861e-02,5.010200000000000070e-02,4.416300000000000087e-02,3.306900000000000117e-02,3.058400000000000007e-02,2.415600000000000039e-02,3.992500000000000215e-02,3.009999999999999828e-02,3.756999999999999923e-02,2.840099999999999916e-02,4.075999999999999762e-02,3.951999999999999957e-02,4.345600000000000157e-02,5.052500000000000047e-02,2.584399999999999892e-02,4.528700000000000087e-02,4.197000000000000036e-02,2.636499999999999955e-02,2.719299999999999842e-02,4.394900000000000195e-02,3.163200000000000039e-02,3.765299999999999897e-02,2.945800000000000154e-02,3.361000000000000099e-02,4.645300000000000124e-02,2.979800000000000157e-02,2.803999999999999895e-02,2.678900000000000031e-02,2.209399999999999906e-02,4.331100000000000227e-02,3.005599999999999938e-02,3.419900000000000023e-02,2.831099999999999936e-02,3.579100000000000337e-02,2.150499999999999981e-02,2.966600000000000140e-02,3.294600000000000306e-02,2.491499999999999965e-02,2.539999999999999897e-02,2.619900000000000007e-02
